SAU,SAU.Desc,TA,Region,Water
500100,Awanui,Far North District,Northland,0
500202,Mangonui East,Far North District,Northland,0
500203,Taipa Bay-Mangonui,Far North District,Northland,0
500204,Mangonui West,Far North District,Northland,0
500205,Ahipara,Far North District,Northland,0
500206,North Cape,Far North District,Northland,0
500207,Houhora,Far North District,Northland,0
500208,Motutangi-Kareponia,Far North District,Northland,0
500301,Kaitaia West,Far North District,Northland,0
500302,Kaitaia East,Far North District,Northland,0
500401,Kaeo,Far North District,Northland,0
500402,Mangapa-Matauri Bay,Far North District,Northland,0
500500,Kohukohu,Far North District,Northland,0
500600,Rawene,Far North District,Northland,0
500700,Omapere And Opononi,Far North District,Northland,0
500801,Hokianga North,Far North District,Northland,0
500802,Hokianga South,Far North District,Northland,0
500900,Kerikeri,Far North District,Northland,0
501000,Russell,Far North District,Northland,0
501100,Paihia,Far North District,Northland,0
501200,Haruru Falls,Far North District,Northland,0
501300,East Opua,Far North District,Northland,0
501400,Kawakawa,Far North District,Northland,0
501500,Moerewa,Far North District,Northland,0
501611,Waitangi-Te Tii,Far North District,Northland,0
501612,West Opua,Far North District,Northland,0
501613,Bay Of Islands,Far North District,Northland,0
501620,Pokere-Waihaha,Far North District,Northland,0
501631,Okaihau,Far North District,Northland,0
501632,Ohaeawai,Far North District,Northland,0
501633,Waihou Valley-Hupara,Far North District,Northland,0
501634,Ngapuhi-Kaikou,Far North District,Northland,0
501700,Kaikohe,Far North District,Northland,0
501802,Opouteke-Tanekaha,Whangarei District,Northland,0
501805,Bream Head,Whangarei District,Northland,0
501806,Marsden Point-Ruakaka,Whangarei District,Northland,0
501807,Ngunguru,Whangarei District,Northland,0
501809,Wharekohe-Oakleigh,Whangarei District,Northland,0
501810,Maungatapere,Whangarei District,Northland,0
501811,Waiotira-Springfield,Whangarei District,Northland,0
501812,Waipu,Whangarei District,Northland,0
501813,Whangaruru Harbour,Whangarei District,Northland,0
501814,Punaruku-Kiripaka,Whangarei District,Northland,0
502001,Springs Flat,Whangarei District,Northland,0
502002,Three Mile Bush,Whangarei District,Northland,0
502003,Te Hihi,Whangarei District,Northland,0
502004,Abbey Caves,Whangarei District,Northland,0
502005,Otaika-Portland,Whangarei District,Northland,0
502101,Kamo West,Whangarei District,Northland,0
502102,Kamo East,Whangarei District,Northland,0
502201,Tikipunga West,Whangarei District,Northland,0
502202,Tikipunga East,Whangarei District,Northland,0
502300,Whau Valley,Whangarei District,Northland,0
502400,Otangarei,Whangarei District,Northland,0
502500,Western Hills,Whangarei District,Northland,0
502600,Kensington,Whangarei District,Northland,0
502700,Mairtown,Whangarei District,Northland,0
502800,Regent,Whangarei District,Northland,0
502900,Woodhill,Whangarei District,Northland,0
503000,Vinetown,Whangarei District,Northland,0
503100,Whangarei Central,Whangarei District,Northland,0
503200,Riverside,Whangarei District,Northland,0
503300,Horahora,Whangarei District,Northland,0
503400,Maunu,Whangarei District,Northland,0
503500,Raumanga East,Whangarei District,Northland,0
503600,Morningside,Whangarei District,Northland,0
503700,Parahaki,Whangarei District,Northland,0
503800,Raumanga West,Whangarei District,Northland,0
503900,Port-Limeburners,Whangarei District,Northland,0
504000,Sherwood Rise,Whangarei District,Northland,0
504100,Onerahi,Whangarei District,Northland,0
504300,Hikurangi,Whangarei District,Northland,0
504400,Te Kopuru,Kaipara District,Northland,0
504501,Kaipara Coastal,Kaipara District,Northland,0
504502,Maungaru,Kaipara District,Northland,0
504600,Dargaville,Kaipara District,Northland,0
504700,Maungaturoto,Kaipara District,Northland,0
504800,Ruawai,Kaipara District,Northland,0
504900,Kaiwaka,Kaipara District,Northland,0
505010,Rehia-Oneriri,Kaipara District,Northland,0
505021,Mangawhai,Kaipara District,Northland,0
505022,Mangawhai Heads,Kaipara District,Northland,0
505300,Wellsford,Rodney District,Auckland,0
505400,Leigh,Rodney District,Auckland,0
505500,Warkworth,Rodney District,Auckland,0
505600,Kumeu,Rodney District,Auckland,0
505700,Waipareira West,Rodney District,Auckland,0
505802,Red Beach,Rodney District,Auckland,0
505803,Waiwera,Rodney District,Auckland,0
505804,Hatfields Beach,Rodney District,Auckland,0
505805,Orewa,Rodney District,Auckland,0
505901,Stanmore Bay,Rodney District,Auckland,0
505902,Manly,Rodney District,Auckland,0
505904,Army Bay,Rodney District,Auckland,0
505905,Gulf Harbour,Rodney District,Auckland,0
506000,Silverdale South,Rodney District,Auckland,0
506200,Silverdale North,Rodney District,Auckland,0
506300,Dairy Flat-Redvale,Rodney District,Auckland,0
506400,Paremoremo West,Rodney District,Auckland,0
506613,Tauhoa-Puhoi,Rodney District,Auckland,0
506614,Tahekeroa,Rodney District,Auckland,0
506615,Cape Rodney,Rodney District,Auckland,0
506616,Matheson Bay,Rodney District,Auckland,0
506620,Kawau,Rodney District,Auckland,0
506631,Snells Beach,Rodney District,Auckland,0
506632,Algies Bay-Mahurangi,Rodney District,Auckland,0
506641,Parakai,Rodney District,Auckland,0
506642,South Head,Rodney District,Auckland,0
506643,Kaukapakapa,Rodney District,Auckland,0
506651,Muriwai Beach,Rodney District,Auckland,0
506652,Rewiti,Rodney District,Auckland,0
506653,Riverhead,Rodney District,Auckland,0
506800,Helensville,Rodney District,Auckland,0
506901,Awaruku,North Shore City,Auckland,0
506902,Glamorgan,North Shore City,Auckland,0
506903,Torbay,North Shore City,Auckland,0
507000,Waiake,North Shore City,Auckland,0
507101,Browns Bay,North Shore City,Auckland,0
507102,Oaktree,North Shore City,Auckland,0
507200,Rothesay Bay,North Shore City,Auckland,0
507300,Murrays Bay,North Shore City,Auckland,0
507400,Mairangi Bay,North Shore City,Auckland,0
507500,Campbells Bay,North Shore City,Auckland,0
507710,Castor Bay,North Shore City,Auckland,0
507720,Crown Hill,North Shore City,Auckland,0
507800,Lake Pupuke,North Shore City,Auckland,0
507900,Westlake,North Shore City,Auckland,0
508010,Takapuna Central,North Shore City,Auckland,0
508020,Hauraki,North Shore City,Auckland,0
508110,Seacliffe,North Shore City,Auckland,0
508120,Bayswater,North Shore City,Auckland,0
508210,Kaipatiki,North Shore City,Auckland,0
508220,Windy Ridge,North Shore City,Auckland,0
508310,Glenfield Central,North Shore City,Auckland,0
508320,Glenfield North,North Shore City,Auckland,0
508411,Glendhu,North Shore City,Auckland,0
508412,Witheford,North Shore City,Auckland,0
508420,Target Road,North Shore City,Auckland,0
508510,Forrest Hill,North Shore City,Auckland,0
508520,Sunnynook,North Shore City,Auckland,0
508610,Monarch Park,North Shore City,Auckland,0
508620,Sunnybrae,North Shore City,Auckland,0
508701,Albany,North Shore City,Auckland,0
508702,Northcross,North Shore City,Auckland,0
508801,North Harbour,North Shore City,Auckland,0
508802,Pinehill,North Shore City,Auckland,0
508803,Unsworth Heights,North Shore City,Auckland,0
508900,Long Bay,North Shore City,Auckland,0
509000,Paremoremo East,North Shore City,Auckland,0
509100,Greenhithe,North Shore City,Auckland,0
509300,Narrow Neck,North Shore City,Auckland,0
509400,Mt Victoria,North Shore City,Auckland,0
509500,Stanley Bay,North Shore City,Auckland,0
509701,Ocean View,North Shore City,Auckland,0
509702,Tuff Crater,North Shore City,Auckland,0
509800,Northcote South,North Shore City,Auckland,0
510010,Beachhaven North,North Shore City,Auckland,0
510020,Beachhaven South,North Shore City,Auckland,0
510210,Birkdale North,North Shore City,Auckland,0
510220,Birkdale South,North Shore City,Auckland,0
510401,Kauri Park,North Shore City,Auckland,0
510402,Chelsea,North Shore City,Auckland,0
510500,Birkenhead East,North Shore City,Auckland,0
510700,Henderson North,Waitakere City,Auckland,0
510800,Henderson South,Waitakere City,Auckland,0
511001,Tangutu,Waitakere City,Auckland,0
511002,Woodglen,Waitakere City,Auckland,0
511100,Glen Eden East,Waitakere City,Auckland,0
511300,New Lynn North,Waitakere City,Auckland,0
511401,Fruitvale,Waitakere City,Auckland,0
511402,Rewarewa,Waitakere City,Auckland,0
511601,Glendene North,Waitakere City,Auckland,0
511602,Glendene South,Waitakere City,Auckland,0
511700,Kelston Central,Waitakere City,Auckland,0
511800,Sunnyvale,Waitakere City,Auckland,0
511901,Kaurilands,Waitakere City,Auckland,0
511902,Crum Park,Waitakere City,Auckland,0
512000,Titirangi South,Waitakere City,Auckland,0
512100,Green Bay,Waitakere City,Auckland,0
512201,Matipo,Waitakere City,Auckland,0
512202,Durham Green,Waitakere City,Auckland,0
512300,Te Atatu Central,Waitakere City,Auckland,0
512401,Edmonton,Waitakere City,Auckland,0
512402,Wakeling,Waitakere City,Auckland,0
512500,Mcleod,Waitakere City,Auckland,0
512600,Konini,Waitakere City,Auckland,0
512700,Waima,Waitakere City,Auckland,0
512801,Laingholm,Waitakere City,Auckland,0
512802,Armour Bay,Waitakere City,Auckland,0
512901,Parrs Park,Waitakere City,Auckland,0
512902,Otimai,Waitakere City,Auckland,0
513010,Sturges South,Waitakere City,Auckland,0
513020,Opanuku,Waitakere City,Auckland,0
513100,Swanson,Waitakere City,Auckland,0
513210,Ranui North,Waitakere City,Auckland,0
513220,Sturges North,Waitakere City,Auckland,0
513301,Kingdale,Waitakere City,Auckland,0
513302,Fairdene,Waitakere City,Auckland,0
513410,Whenuapai West,Waitakere City,Auckland,0
513420,Herald,Waitakere City,Auckland,0
513430,Hobsonville,Waitakere City,Auckland,0
513511,Westgate,Waitakere City,Auckland,0
513512,Royal Road West,Waitakere City,Auckland,0
513521,West Harbour,Waitakere City,Auckland,0
513522,Lucken Point,Waitakere City,Auckland,0
513530,Royal Heights,Waitakere City,Auckland,0
513610,West Massey,Waitakere City,Auckland,0
513620,Birdwood,Waitakere City,Auckland,0
513631,Waimumu North,Waitakere City,Auckland,0
513632,Waimumu South,Waitakere City,Auckland,0
513701,Taupaki,Rodney District,Auckland,0
513702,Waitakere,Waitakere City,Auckland,0
513800,Karekare,Waitakere City,Auckland,0
514000,Freemans Bay,Auckland City,Auckland,0
514101,Auckland Harbourside,Auckland City,Auckland,0
514102,Auckland Central West,Auckland City,Auckland,0
514103,Auckland Central East,Auckland City,Auckland,0
514200,Newton,Auckland City,Auckland,0
514301,Grafton West,Auckland City,Auckland,0
514302,Grafton East,Auckland City,Auckland,0
514401,Roberton,Auckland City,Auckland,0
514402,Glenavon,Auckland City,Auckland,0
514500,New Windsor,Auckland City,Auckland,0
514600,Avondale South,Auckland City,Auckland,0
514700,Blockhouse Bay,Auckland City,Auckland,0
514801,Rosebank,Auckland City,Auckland,0
514802,Avondale West,Auckland City,Auckland,0
514900,Waterview,Auckland City,Auckland,0
515001,Point Chevalier West,Auckland City,Auckland,0
515002,Point Chevalier East,Auckland City,Auckland,0
515003,Point Chevalier South,Auckland City,Auckland,0
515100,Westmere,Auckland City,Auckland,0
515201,Herne Bay,Auckland City,Auckland,0
515202,St Marys,Auckland City,Auckland,0
515301,Ponsonby West,Auckland City,Auckland,0
515302,Ponsonby East,Auckland City,Auckland,0
515410,Grey Lynn West,Auckland City,Auckland,0
515420,Grey Lynn East,Auckland City,Auckland,0
515431,Surrey Crescent,Auckland City,Auckland,0
515432,St Lukes North,Auckland City,Auckland,0
515500,Arch Hill,Auckland City,Auckland,0
515600,Eden Terrace,Auckland City,Auckland,0
515700,Epsom North,Auckland City,Auckland,0
515801,Epsom Central,Auckland City,Auckland,0
515802,Epsom South,Auckland City,Auckland,0
515901,Parnell East,Auckland City,Auckland,0
515902,Parnell West,Auckland City,Auckland,0
516001,Mt Hobson,Auckland City,Auckland,0
516002,Remuera South,Auckland City,Auckland,0
516003,Abbotts Park,Auckland City,Auckland,0
516101,Remuera West,Auckland City,Auckland,0
516102,Waitaramoa,Auckland City,Auckland,0
516201,Orakei South,Auckland City,Auckland,0
516202,Waiata,Auckland City,Auckland,0
516301,Meadowbank North,Auckland City,Auckland,0
516302,Meadowbank South,Auckland City,Auckland,0
516400,Orakei North,Auckland City,Auckland,0
516500,Mission Bay,Auckland City,Auckland,0
516601,Kohimarama West,Auckland City,Auckland,0
516602,Kohimarama East,Auckland City,Auckland,0
516700,St Heliers,Auckland City,Auckland,0
516800,Glendowie,Auckland City,Auckland,0
516900,Glen Innes North,Auckland City,Auckland,0
517001,Glen Innes West,Auckland City,Auckland,0
517002,Glen Innes East,Auckland City,Auckland,0
517100,Point England,Auckland City,Auckland,0
517200,St Johns,Auckland City,Auckland,0
517400,Newmarket,Auckland City,Auckland,0
517500,Kingsland,Auckland City,Auckland,0
517600,St Lukes,Auckland City,Auckland,0
517701,Sandringham North,Auckland City,Auckland,0
517702,Sandringham West,Auckland City,Auckland,0
517703,Sandringham East,Auckland City,Auckland,0
517800,Mt Albert Central,Auckland City,Auckland,0
517901,Springleigh,Auckland City,Auckland,0
517902,Owairaka West,Auckland City,Auckland,0
517903,Owairaka East,Auckland City,Auckland,0
518101,Mt Eden North,Auckland City,Auckland,0
518102,Sherbourne,Auckland City,Auckland,0
518201,Balmoral,Auckland City,Auckland,0
518202,Mt Eden East,Auckland City,Auckland,0
518301,Maungawhau,Auckland City,Auckland,0
518302,Mt Eden South,Auckland City,Auckland,0
518500,Three Kings,Auckland City,Auckland,0
518600,Royal Oak,Auckland City,Auckland,0
518701,Hillsborough West,Auckland City,Auckland,0
518702,Hillsborough East,Auckland City,Auckland,0
518801,Walmsley,Auckland City,Auckland,0
518802,Wesley,Auckland City,Auckland,0
518803,Akarana,Auckland City,Auckland,0
518901,Lynfield North,Auckland City,Auckland,0
518902,Lynfield South,Auckland City,Auckland,0
519001,Waikowhai West,Auckland City,Auckland,0
519002,Waikowhai East,Auckland City,Auckland,0
519200,Mt St John,Auckland City,Auckland,0
519300,One Tree Hill Central,Auckland City,Auckland,0
519400,One Tree Hill East,Auckland City,Auckland,0
519500,Penrose,Auckland City,Auckland,0
519710,Onehunga North West,Auckland City,Auckland,0
519720,Onehunga North East,Auckland City,Auckland,0
519810,Onehunga South West,Auckland City,Auckland,0
519820,Onehunga South East,Auckland City,Auckland,0
519900,Oranga,Auckland City,Auckland,0
520000,Te Papapa,Auckland City,Auckland,0
520201,Ellerslie North,Auckland City,Auckland,0
520202,Ellerslie South,Auckland City,Auckland,0
520300,Mt Wellington North,Auckland City,Auckland,0
520401,Ferndale,Auckland City,Auckland,0
520402,Hamlin,Auckland City,Auckland,0
520500,Mt Wellington South,Auckland City,Auckland,0
520601,Tamaki,Auckland City,Auckland,0
520602,Panmure Basin,Auckland City,Auckland,0
520801,Waiheke Island,Auckland City,Auckland,0
520802,Bays-Waiheke Island,NA,NA,1
520900,"Islands-Motutapu, Rangitoto, Rakino",Auckland City,Auckland,0
521000,Great Barrier Island,Auckland City,Auckland,0
521111,Paerata-Cape Hill,Franklin District,Auckland,0
521112,Eden Road-Hill Top,Franklin District,Auckland,0
521113,Buckland,Franklin District,Auckland,0
521114,Redoubt,Franklin District,Auckland,0
521115,Opuawhanga,Franklin District,Auckland,0
521121,Patumahoe,Franklin District,Auckland,0
521122,Kingseat,Franklin District,Auckland,0
521131,Pokeno,Franklin District,Auckland,0
521132,Hunua,Franklin District,Auckland,0
521133,Mangatawhiri,Franklin District,Auckland,0
521151,Awhitu,Franklin District,Auckland,0
521152,Glenbrook,Franklin District,Auckland,0
521153,Otaua,Franklin District,Auckland,0
521160,Bombay,Franklin District,Auckland,0
521201,Hingaia,Papakura District,Auckland,0
521202,Whangapouri Creek,Franklin District,Auckland,0
521203,Bremner,Papakura District,Auckland,0
521301,Drury,Papakura District,Auckland,0
521302,Runciman,Franklin District,Auckland,0
521501,Mellons Bay,Manukau City,Auckland,0
521502,Cockle Bay,Manukau City,Auckland,0
521601,Howick West,Manukau City,Auckland,0
521602,Howick Central,Manukau City,Auckland,0
521800,Otahuhu East,Auckland City,Auckland,0
521901,Otahuhu West,Auckland City,Auckland,0
521902,Middlemore,Manukau City,Auckland,0
522100,Papatoetoe West,Manukau City,Auckland,0
522201,Papatoetoe North,Manukau City,Auckland,0
522202,Papatoetoe Central,Manukau City,Auckland,0
522301,Dingwall,Manukau City,Auckland,0
522302,Papatoetoe East,Manukau City,Auckland,0
522400,Puhinui,Manukau City,Auckland,0
522601,Bucklands And Eastern Beaches,Manukau City,Auckland,0
522602,Bucklands Beach South,Manukau City,Auckland,0
522603,Bleakhouse,Manukau City,Auckland,0
522711,Pigeon Mountain North,Manukau City,Auckland,0
522712,Murvale,Manukau City,Auckland,0
522721,Pigeon Mountain South,Manukau City,Auckland,0
522722,Aberfeldy,Manukau City,Auckland,0
522723,Elsmore Park,Manukau City,Auckland,0
522730,Half Moon Bay,Manukau City,Auckland,0
522810,Pakuranga North,Manukau City,Auckland,0
522820,Sunnyhills,Manukau City,Auckland,0
522910,Pakuranga Central,Manukau City,Auckland,0
522920,Edgewater,Manukau City,Auckland,0
523000,Pakuranga East,Manukau City,Auckland,0
523101,Botany Downs,Manukau City,Auckland,0
523102,Maungamaungaroa,Manukau City,Auckland,0
523105,Golfland,Manukau City,Auckland,0
523106,Millhouse,Manukau City,Auckland,0
523107,Burswood,Manukau City,Auckland,0
523108,East Tamaki,Manukau City,Auckland,0
523109,Dannemora,Manukau City,Auckland,0
523110,Kilkenny,Manukau City,Auckland,0
523111,Point View,Manukau City,Auckland,0
523201,Shelly Park,Manukau City,Auckland,0
523202,Turanga,Manukau City,Auckland,0
523300,Beachlands-Maraetai,Manukau City,Auckland,0
523401,Grange,Manukau City,Auckland,0
523402,Otara West,Manukau City,Auckland,0
523501,Otara North,Manukau City,Auckland,0
523502,Otara East,Manukau City,Auckland,0
523601,Otara South,Manukau City,Auckland,0
523602,Ferguson,Manukau City,Auckland,0
523711,Flat Bush,Manukau City,Auckland,0
523712,Donegal Park,Manukau City,Auckland,0
523713,Ormiston,Manukau City,Auckland,0
523721,Clover Park,Manukau City,Auckland,0
523722,Redoubt North,Manukau City,Auckland,0
523813,Ardmore,Papakura District,Auckland,0
523814,Totara Heights,Manukau City,Auckland,0
523815,Wairere,Manukau City,Auckland,0
523816,Randwick Park,Manukau City,Auckland,0
523817,Hyperion,Manukau City,Auckland,0
523820,Redoubt South,Manukau City,Auckland,0
523911,Takanini North,Papakura District,Auckland,0
523912,Takanini South,Papakura District,Auckland,0
523920,Takanini West,Papakura District,Auckland,0
524001,Ambury,Manukau City,Auckland,0
524002,Mangere Bridge,Manukau City,Auckland,0
524111,Mangere Central,Manukau City,Auckland,0
524112,Mascot,Manukau City,Auckland,0
524121,Arahanga,Manukau City,Auckland,0
524122,Viscount,Manukau City,Auckland,0
524200,Mangere South,Manukau City,Auckland,0
524301,Mangere East,Manukau City,Auckland,0
524302,Aorere,Manukau City,Auckland,0
524303,Kohuora,Manukau City,Auckland,0
524401,Favona,Manukau City,Auckland,0
524402,Mangere Station,Manukau City,Auckland,0
524510,Harania North,Manukau City,Auckland,0
524520,Harania West,Manukau City,Auckland,0
524530,Harania East,Manukau City,Auckland,0
524601,Manukau Central,Manukau City,Auckland,0
524602,Wiri,Manukau City,Auckland,0
524711,Burbank,Manukau City,Auckland,0
524712,Homai West,Manukau City,Auckland,0
524713,Rowandale,Manukau City,Auckland,0
524720,Homai East,Manukau City,Auckland,0
524810,Weymouth,Manukau City,Auckland,0
524820,Clendon,Manukau City,Auckland,0
524901,Hillpark,Manukau City,Auckland,0
524902,Manurewa East,Manukau City,Auckland,0
525001,Manurewa Central,Manukau City,Auckland,0
525002,Beaumont,Manukau City,Auckland,0
525101,Leabank,Manukau City,Auckland,0
525102,Wattle Farm,Manukau City,Auckland,0
525200,Clevedon,Manukau City,Auckland,0
525410,Papakura Central,Papakura District,Auckland,0
525420,Papakura North,Papakura District,Auckland,0
525510,Papakura South,Papakura District,Auckland,0
525520,Opaheke,Papakura District,Auckland,0
525530,Rosehill,Papakura District,Auckland,0
525540,Pahurehure,Papakura District,Auckland,0
525610,Papakura East,Papakura District,Auckland,0
525620,Massey Park,Papakura District,Auckland,0
525630,North East Papakura,Papakura District,Auckland,0
525700,Red Hill,Papakura District,Auckland,0
525910,Pukekohe North,Franklin District,Auckland,0
525921,Pukekohe West,Franklin District,Auckland,0
525922,Bledisloe Park,Franklin District,Auckland,0
526101,Waiuku,Franklin District,Auckland,0
526102,South Waiuku,Franklin District,Auckland,0
526200,Tuakau,Franklin District,Auckland,0
526400,Rotowaro,Waikato District,Waikato,0
526500,Raglan,Waikato District,Waikato,0
526601,Waikato Western Hills,Waikato District,Waikato,0
526602,Te Uku,Waikato District,Waikato,0
526603,Te Pahu,Waipa District,Waikato,0
526701,Onewhero,Franklin District,Auckland,0
526702,Te Akau,Waikato District,Waikato,0
526900,Te Kauwhata,Waikato District,Waikato,0
527004,Matangi,Waikato District,Waikato,0
527005,Sylvester,Hamilton City,Waikato,0
527006,Flagstaff,Hamilton City,Waikato,0
527007,Horsham Downs,Hamilton City,Waikato,0
527008,Rototuna,Hamilton City,Waikato,0
527009,Huntington,Hamilton City,Waikato,0
527111,Whitikahu,Waikato District,Waikato,0
527112,Taupiri Community,Waikato District,Waikato,0
527121,Eureka,Waikato District,Waikato,0
527122,Gordonton,Waikato District,Waikato,0
527123,Kainui,Waikato District,Waikato,0
527131,Tamahere-Tauwhare,Waikato District,Waikato,0
527132,Hautapu,Waipa District,Waikato,0
527210,Waerenga,Waikato District,Waikato,0
527221,Maramarua,Waikato District,Waikato,0
527222,Meremere,Waikato District,Waikato,0
527401,Huntly West,Waikato District,Waikato,0
527402,Huntly East,Waikato District,Waikato,0
527501,Cambridge North,Waipa District,Waikato,0
527502,Cambridge West,Waipa District,Waikato,0
527503,Cambridge Central,Waipa District,Waikato,0
527504,Leamington West,Waipa District,Waikato,0
527505,Leamington East,Waipa District,Waikato,0
527600,Ohaupo,Waipa District,Waikato,0
527700,Kihikihi,Waipa District,Waikato,0
527810,Peacocke,Hamilton City,Waikato,0
527820,Temple View,Waipa District,Waikato,0
527911,Horotiu,Waikato District,Waikato,0
527912,Te Kowhai,Waikato District,Waikato,0
527913,Whatawhata,Waikato District,Waikato,0
527914,Ngahinapouri,Waipa District,Waikato,0
527915,Lake Cameron,Waipa District,Waikato,0
527921,Te Rore,Waipa District,Waikato,0
527922,Pirongia,Waipa District,Waikato,0
527923,Pokuru,Waipa District,Waikato,0
527924,Lake Ngaroto,Waipa District,Waikato,0
527925,Tokanui,Waipa District,Waikato,0
527931,Pukerimu,Waipa District,Waikato,0
527932,Kaipaki,Waipa District,Waikato,0
527934,Rotoorangi,Waipa District,Waikato,0
527935,Te Rahu,Waipa District,Waikato,0
527936,Kihikihi Flat,Waipa District,Waikato,0
527937,Allen Road,Waipa District,Waikato,0
528000,Rotongata,Waipa District,Waikato,0
528200,Ngaruawahia,Waikato District,Waikato,0
528310,Bryant,Hamilton City,Waikato,0
528320,Pukete,Hamilton City,Waikato,0
528402,Pukete West,Hamilton City,Waikato,0
528403,Te Rapa,Hamilton City,Waikato,0
528405,Burbush,Hamilton City,Waikato,0
528406,Rotokauri,Hamilton City,Waikato,0
528501,Nawton,Hamilton City,Waikato,0
528502,Brymer,Hamilton City,Waikato,0
528601,Dinsdale North,Hamilton City,Waikato,0
528602,Dinsdale South,Hamilton City,Waikato,0
528700,Beerescourt,Hamilton City,Waikato,0
528800,Maeroa,Hamilton City,Waikato,0
528900,Frankton Junction,Hamilton City,Waikato,0
529000,Swarbrick,Hamilton City,Waikato,0
529100,Hamilton Lake,Hamilton City,Waikato,0
529200,Melville,Hamilton City,Waikato,0
529300,Glenview,Hamilton City,Waikato,0
529401,Queenwood,Hamilton City,Waikato,0
529402,Chedworth,Hamilton City,Waikato,0
529501,Porritt,Hamilton City,Waikato,0
529502,Insoll,Hamilton City,Waikato,0
529503,Fairview Downs,Hamilton City,Waikato,0
529600,Chartwell,Hamilton City,Waikato,0
529700,Hamilton Central,Hamilton City,Waikato,0
529800,Clarkin,Hamilton City,Waikato,0
529900,Claudelands,Hamilton City,Waikato,0
530000,Enderley,Hamilton City,Waikato,0
530100,Peachgrove,Hamilton City,Waikato,0
530200,Hamilton East,Hamilton City,Waikato,0
530300,Naylor,Hamilton City,Waikato,0
530400,Bader,Hamilton City,Waikato,0
530500,University,Hamilton City,Waikato,0
530600,Silverdale,Hamilton City,Waikato,0
530700,Hillcrest West,Hamilton City,Waikato,0
530800,Riverlea,Hamilton City,Waikato,0
531001,Te Awamutu West,Waipa District,Waikato,0
531002,Te Awamutu Central,Waipa District,Waikato,0
531003,Te Awamutu East,Waipa District,Waikato,0
531004,Te Awamutu South,Waipa District,Waikato,0
531100,Kawhia Community,Otorohanga District,Waikato,0
531200,Otorohanga,Otorohanga District,Waikato,0
531301,Otorohanga Rural West,Otorohanga District,Waikato,0
531303,Te Kawa,Otorohanga District,Waikato,0
531304,Otorohanga Rural East,Otorohanga District,Waikato,0
531500,Piopio Community,Waitomo District,Waikato,0
531600,Taharoa,Waitomo District,Waikato,0
531710,Mahoenui,Waitomo District,Waikato,0
531720,Marokopa,Waitomo District,Waikato,0
531731,Waipa Valley,Waitomo District,Waikato,0
531732,Tiroa,Waitomo District,Waikato,0
531800,Mokauiti,Waitomo District,Waikato,0
532000,Te Kuiti,Waitomo District,Waikato,0
532200,Omori,Taupo District,Waikato,0
532300,Owhango,Ruapehu District,Manawatu-Wanganui,0
532400,Ohura,Ruapehu District,Manawatu-Wanganui,0
532501,Ngapuke,Ruapehu District,Manawatu-Wanganui,0
532502,Kuratau,Taupo District,Waikato,0
532601,Raurimu,Ruapehu District,Manawatu-Wanganui,0
532602,National Park,Ruapehu District,Manawatu-Wanganui,0
532700,Otangiwai-Heao,Ruapehu District,Manawatu-Wanganui,0
532901,Tarrangower,Ruapehu District,Manawatu-Wanganui,0
532902,Taumarunui Central,Ruapehu District,Manawatu-Wanganui,0
532903,Sunshine-Hospital Hill,Ruapehu District,Manawatu-Wanganui,0
532904,Manunui,Ruapehu District,Manawatu-Wanganui,0
533000,Whitianga,Thames-Coromandel District,Waikato,0
533100,Coromandel,Thames-Coromandel District,Waikato,0
533200,Te Rerenga,Thames-Coromandel District,Waikato,0
533300,Whangamata,Thames-Coromandel District,Waikato,0
533400,Tairua,Thames-Coromandel District,Waikato,0
533501,Moanataiari,Thames-Coromandel District,Waikato,0
533502,Parawai,Thames-Coromandel District,Waikato,0
533602,Pauanui Beach,Thames-Coromandel District,Waikato,0
533603,Hikuai,Thames-Coromandel District,Waikato,0
533604,Te Puru-Thornton Bay,Thames-Coromandel District,Waikato,0
533800,Ngatea,Hauraki District,Waikato,0
533901,Hauraki Plains,Hauraki District,Waikato,0
533902,Turua,Hauraki District,Waikato,0
533903,Kerepehi,Hauraki District,Waikato,0
534100,Waihi Beach,Western Bay Of Plenty District,Bay of Plenty,0
534200,Ohinemuri,Hauraki District,Waikato,0
534300,Paeroa,Hauraki District,Waikato,0
534400,Waihi,Hauraki District,Waikato,0
534500,Tahuroa,Matamata-Piako District,Waikato,0
534602,Waitoa,Matamata-Piako District,Waikato,0
534603,Springdale,Matamata-Piako District,Waikato,0
534604,Waihou-Walton,Matamata-Piako District,Waikato,0
534800,Te Aroha,Matamata-Piako District,Waikato,0
534901,Morrinsville West,Matamata-Piako District,Waikato,0
534902,Morrinsville East,Matamata-Piako District,Waikato,0
535000,Waharoa,Matamata-Piako District,Waikato,0
535100,Tirau,South Waikato District,Waikato,0
535211,Mangakaretu,South Waikato District,Waikato,0
535212,Kinleith,South Waikato District,Waikato,0
535220,Okauia,Matamata-Piako District,Waikato,0
535231,Te Poi,Matamata-Piako District,Waikato,0
535232,Tapapa,South Waikato District,Waikato,0
535241,Karapiro,Waipa District,Waikato,0
535242,Hinuera,Matamata-Piako District,Waikato,0
535250,Arapuni,South Waikato District,Waikato,0
535261,Lichfield,South Waikato District,Waikato,0
535262,Wawa,South Waikato District,Waikato,0
535310,Paraonui,South Waikato District,Waikato,0
535320,Parkdale,South Waikato District,Waikato,0
535330,Matarawa,South Waikato District,Waikato,0
535340,Stanley Park,South Waikato District,Waikato,0
535350,Tokoroa Central,South Waikato District,Waikato,0
535360,Aotea,South Waikato District,Waikato,0
535370,Strathmore,South Waikato District,Waikato,0
535380,Amisfield,South Waikato District,Waikato,0
535500,Matamata,Matamata-Piako District,Waikato,0
535600,Putaruru,South Waikato District,Waikato,0
535700,Athenree,Western Bay Of Plenty District,Bay of Plenty,0
535800,Katikati Community,Western Bay Of Plenty District,Bay of Plenty,0
535900,Maketu Community,Western Bay Of Plenty District,Bay of Plenty,0
536000,Omokoroa Community,Western Bay Of Plenty District,Bay of Plenty,0
536200,Papamoa Beach East,Tauranga District,Bay of Plenty,0
536400,Island View-Pios Beach,Western Bay Of Plenty District,Bay of Plenty,0
536503,Te Puna,Western Bay Of Plenty District,Bay of Plenty,0
536505,Matapihi,Tauranga District,Bay of Plenty,0
536506,Inlet-Tauranga Harbour Omokoroa,Western Bay Of Plenty District,Bay of Plenty,0
536508,Inlet-Tauranga Harbour,Tauranga District,Bay of Plenty,0
536509,Waikareao Estuary,Tauranga District,Bay of Plenty,0
536510,Motuopae Island,Tauranga District,Bay of Plenty,0
536511,Papamoa Beach West,Tauranga District,Bay of Plenty,0
536512,Kairua,Tauranga District,Bay of Plenty,0
536513,Bethlehem East,Tauranga District,Bay of Plenty,0
536514,Bethlehem,Tauranga District,Bay of Plenty,0
536611,Matakana Island,Western Bay Of Plenty District,Bay of Plenty,0
536613,Inlet-Tauranga Harbour North,Western Bay Of Plenty District,Bay of Plenty,0
536614,Tahawai,Western Bay Of Plenty District,Bay of Plenty,0
536615,Aongatete,Western Bay Of Plenty District,Bay of Plenty,0
536620,Minden,Western Bay Of Plenty District,Bay of Plenty,0
536630,Kaimai,Western Bay Of Plenty District,Bay of Plenty,0
536641,Ohauiti-Ngapeke,Western Bay Of Plenty District,Bay of Plenty,0
536642,Upper Papamoa,Western Bay Of Plenty District,Bay of Plenty,0
536651,Paengaroa,Western Bay Of Plenty District,Bay of Plenty,0
536653,Rangiuru,Western Bay Of Plenty District,Bay of Plenty,0
536654,Pongakawa,Western Bay Of Plenty District,Bay of Plenty,0
536810,Mt Maunganui North,Tauranga District,Bay of Plenty,0
536820,Omanu,Tauranga District,Bay of Plenty,0
536831,Arataki,Tauranga District,Bay of Plenty,0
536832,Te Maunga,Tauranga District,Bay of Plenty,0
537000,Matua,Tauranga District,Bay of Plenty,0
537100,Bellevue,Tauranga District,Bay of Plenty,0
537201,Otumoetai North,Tauranga District,Bay of Plenty,0
537202,Otumoetai South,Tauranga District,Bay of Plenty,0
537301,Brookfield,Tauranga District,Bay of Plenty,0
537302,Te Reti,Tauranga District,Bay of Plenty,0
537400,Judea,Tauranga District,Bay of Plenty,0
537500,Gate Pa,Tauranga District,Bay of Plenty,0
537601,Greerton,Tauranga District,Bay of Plenty,0
537602,Pyes Pa,Tauranga District,Bay of Plenty,0
537700,Yatton Park,Tauranga District,Bay of Plenty,0
537800,Poike,Tauranga District,Bay of Plenty,0
537900,Hairini,Tauranga District,Bay of Plenty,0
538000,Maungatapu,Tauranga District,Bay of Plenty,0
538101,Tauranga Hospital,Tauranga District,Bay of Plenty,0
538102,Tauranga South,Tauranga District,Bay of Plenty,0
538201,Tauranga Central,Tauranga District,Bay of Plenty,0
538202,Sulphur Point,Tauranga District,Bay of Plenty,0
538300,Welcome Bay,Tauranga District,Bay of Plenty,0
538501,Te Puke West,Western Bay Of Plenty District,Bay of Plenty,0
538502,Te Puke East,Western Bay Of Plenty District,Bay of Plenty,0
538601,Ngongotaha North,Rotorua District,Bay of Plenty,0
538602,Ngongotaha South,Rotorua District,Bay of Plenty,0
538721,Poets Corner,Rotorua District,Bay of Plenty,0
538722,Ngapuna,Rotorua District,Bay of Plenty,0
538731,Owhata South,Rotorua District,Bay of Plenty,0
538732,Lynmore,Rotorua District,Bay of Plenty,0
538741,Owhata West,Rotorua District,Bay of Plenty,0
538742,Owhata East,Rotorua District,Bay of Plenty,0
538811,Hamurana,Rotorua District,Bay of Plenty,0
538812,Inland Water-Lake Rotorua,Rotorua District,Bay of Plenty,0
538820,Tikitere,Rotorua District,Bay of Plenty,0
538831,Kaingaroa Forest,Rotorua District,Bay of Plenty,0
538832,Tarawera,Rotorua District,Bay of Plenty,0
538841,Golden Springs,Rotorua District,Bay of Plenty,0
538842,Reporoa,Rotorua District,Bay of Plenty,0
538850,Ngakuru,Rotorua District,Bay of Plenty,0
538861,Arahiwi,Rotorua District,Bay of Plenty,0
538863,Waiwhero,Rotorua District,Bay of Plenty,0
538864,Mamaku,Rotorua District,Bay of Plenty,0
539000,Selwyn Heights,Rotorua District,Bay of Plenty,0
539100,Western Heights,Rotorua District,Bay of Plenty,0
539200,Fairy Springs,Rotorua District,Bay of Plenty,0
539310,Pukehangi North,Rotorua District,Bay of Plenty,0
539320,Pukehangi South,Rotorua District,Bay of Plenty,0
539400,Mangakakahi,Rotorua District,Bay of Plenty,0
539500,Sunnybrook,Rotorua District,Bay of Plenty,0
539600,Fordlands,Rotorua District,Bay of Plenty,0
539700,Utuhina,Rotorua District,Bay of Plenty,0
539800,Pomare,Rotorua District,Bay of Plenty,0
539900,Hillcrest,Rotorua District,Bay of Plenty,0
540000,Springfield,Rotorua District,Bay of Plenty,0
540100,Kawaha Point,Rotorua District,Bay of Plenty,0
540200,Koutu,Rotorua District,Bay of Plenty,0
540300,Ohinemutu,Rotorua District,Bay of Plenty,0
540410,Kuirau,Rotorua District,Bay of Plenty,0
540420,Victoria,Rotorua District,Bay of Plenty,0
540510,Glenholme East,Rotorua District,Bay of Plenty,0
540520,Glenholme West,Rotorua District,Bay of Plenty,0
540600,Fenton,Rotorua District,Bay of Plenty,0
540700,Whaka,Rotorua District,Bay of Plenty,0
540900,Mangakino,Taupo District,Waikato,0
541000,Turangi,Taupo District,Waikato,0
541311,Acacia Bay,Taupo District,Waikato,0
541312,Wairakei-Aratiatia,Taupo District,Waikato,0
541313,Maunganamu,Taupo District,Waikato,0
541315,Taupo East,Taupo District,Waikato,0
541316,Wharewaka,Taupo District,Waikato,0
541317,Rangatira Park,Taupo District,Waikato,0
541318,Rangatira,Taupo District,Waikato,0
541319,Lakewood,Taupo District,Waikato,0
541320,Marotiri,Taupo District,Waikato,0
541331,Oruanui,Taupo District,Waikato,0
541342,Rangitaiki,Taupo District,Waikato,0
541343,Iwitahi,Taupo District,Waikato,0
541501,Rangipo,Taupo District,Waikato,0
541502,Te More,Taupo District,Waikato,0
541503,Taharua,Taupo District,Waikato,0
541710,Nukuhau,Taupo District,Waikato,0
541720,Central Taupo,Taupo District,Waikato,0
541730,Tauhara,Taupo District,Waikato,0
541740,Hilltop,Taupo District,Waikato,0
541750,Waipahihi,Taupo District,Waikato,0
541760,Richmond Heights,Taupo District,Waikato,0
541900,Ohope,Whakatane District,Bay of Plenty,0
542000,Matata,Whakatane District,Bay of Plenty,0
542100,Taneatua Community,Whakatane District,Bay of Plenty,0
542200,Edgecumbe Community,Whakatane District,Bay of Plenty,0
542300,Te Teko,Whakatane District,Bay of Plenty,0
542410,Whakatane North,Whakatane District,Bay of Plenty,0
542421,Coastlands,Whakatane District,Bay of Plenty,0
542422,Whakatane West,Whakatane District,Bay of Plenty,0
542430,Trident,Whakatane District,Bay of Plenty,0
542440,Allandale-Mokorua,Whakatane District,Bay of Plenty,0
542511,Orini,Whakatane District,Bay of Plenty,0
542513,Port Ohope,Whakatane District,Bay of Plenty,0
542514,Maraetotara,Whakatane District,Bay of Plenty,0
542520,Poroporo,Whakatane District,Bay of Plenty,0
542530,Otakiri,Whakatane District,Bay of Plenty,0
542540,Rotoma,Whakatane District,Bay of Plenty,0
542550,Matahina-Minginui,Whakatane District,Bay of Plenty,0
542561,Waimana,Whakatane District,Bay of Plenty,0
542562,Urewera,Whakatane District,Bay of Plenty,0
542600,Kawerau,Kawerau District,Bay of Plenty,0
542700,Murupara,Whakatane District,Bay of Plenty,0
542800,Opotiki,Opotiki District,Bay of Plenty,0
542901,Te Kaha,Opotiki District,Bay of Plenty,0
542903,Cape Runaway,Opotiki District,Bay of Plenty,0
542904,Oponae,Opotiki District,Bay of Plenty,0
542905,Ohiwa Harbour,Opotiki District,Bay of Plenty,0
542906,Waiotahi,Opotiki District,Bay of Plenty,0
543301,East Cape,Gisborne District,Gisborne,0
543302,Ruatoria,Gisborne District,Gisborne,0
543303,Tokomaru Bay,Gisborne District,Gisborne,0
543601,Tarndale-Rakauroa,Gisborne District,Gisborne,0
543602,Te Karaka,Gisborne District,Gisborne,0
543800,Patutahi,Gisborne District,Gisborne,0
543901,Makaraka,Gisborne District,Gisborne,0
543902,Matokitoki,Gisborne District,Gisborne,0
543903,Wainui,Gisborne District,Gisborne,0
544001,Wharekaka,Gisborne District,Gisborne,0
544002,Tiniroto,Gisborne District,Gisborne,0
544003,Manutuke,Gisborne District,Gisborne,0
544004,Tolaga Bay,Gisborne District,Gisborne,0
544200,Mangapapa,Gisborne District,Gisborne,0
544300,Te Hapara,Gisborne District,Gisborne,0
544400,Gisborne Airport,Gisborne District,Gisborne,0
544500,Whataupoko,Gisborne District,Gisborne,0
544600,Gisborne Central,Gisborne District,Gisborne,0
544701,Kaiti North,Gisborne District,Gisborne,0
544702,Outer Kaiti,Gisborne District,Gisborne,0
544801,Kaiti South,Gisborne District,Gisborne,0
544802,Tamarau,Gisborne District,Gisborne,0
544900,Riverdale,Gisborne District,Gisborne,0
545201,Tuai,Wairoa District,Hawke's Bay,0
545202,Frasertown,Wairoa District,Hawke's Bay,0
545204,Ruakituri-Morere,Wairoa District,Hawke's Bay,0
545205,Maungataniwha,Wairoa District,Hawke's Bay,0
545206,Inland Water-Lake Waikaremoana,Wairoa District,Hawke's Bay,0
545301,Raupunga,Wairoa District,Hawke's Bay,0
545302,Whakaki,Wairoa District,Hawke's Bay,0
545303,Nuhaka,Wairoa District,Hawke's Bay,0
545304,Mahia,Wairoa District,Hawke's Bay,0
545500,Wairoa,Wairoa District,Hawke's Bay,0
545611,Bay View,Napier City,Hawke's Bay,0
545621,Poraiti,Napier City,Hawke's Bay,0
545631,Meeanee,Napier City,Hawke's Bay,0
545632,Awatoto,Napier City,Hawke's Bay,0
545710,Twyford,Hastings District,Hawke's Bay,0
545721,Karamu,Hastings District,Hawke's Bay,0
545722,Whakatu,Hastings District,Hawke's Bay,0
545730,Clive,Hastings District,Hawke's Bay,0
545740,Haumoana,Hastings District,Hawke's Bay,0
545750,Brookvale,Hastings District,Hawke's Bay,0
545761,Irongate,Hastings District,Hawke's Bay,0
545762,Longlands South,Hastings District,Hawke's Bay,0
545811,Tangoio,Hastings District,Hawke's Bay,0
545812,Eskdale,Hastings District,Hawke's Bay,0
545821,Sherenden-Puketapu,Hastings District,Hawke's Bay,0
545822,Omahu,Hastings District,Hawke's Bay,0
545831,Waiohiki,Hastings District,Hawke's Bay,0
545832,Pakowhai,Hastings District,Hawke's Bay,0
545841,Maraekakaho,Hastings District,Hawke's Bay,0
545842,Bridge Pa,Hastings District,Hawke's Bay,0
545851,Poukawa,Hastings District,Hawke's Bay,0
545852,Pakipaki,Hastings District,Hawke's Bay,0
545860,Waimarama,Hastings District,Hawke's Bay,0
545911,Tutira,Hastings District,Hawke's Bay,0
545912,Puketitiri,Hastings District,Hawke's Bay,0
545913,Whanawhana,Hastings District,Hawke's Bay,0
546100,Westshore,Napier City,Hawke's Bay,0
546200,Ahuriri,Napier City,Hawke's Bay,0
546300,Onekawa Central,Napier City,Hawke's Bay,0
546400,Onekawa West,Napier City,Hawke's Bay,0
546500,Onekawa South,Napier City,Hawke's Bay,0
546600,Marewa,Napier City,Hawke's Bay,0
546700,Maraenui,Napier City,Hawke's Bay,0
546801,Hospital Hill,Napier City,Hawke's Bay,0
546802,Bluff Hill,Napier City,Hawke's Bay,0
546901,Nelson Park,Napier City,Hawke's Bay,0
546902,Mclean Park,Napier City,Hawke's Bay,0
547001,Tamatea North,Napier City,Hawke's Bay,0
547002,Tamatea South,Napier City,Hawke's Bay,0
547100,Greenmeadows,Napier City,Hawke's Bay,0
547200,Taradale North,Napier City,Hawke's Bay,0
547300,Taradale South,Napier City,Hawke's Bay,0
547400,Pirimai,Napier City,Hawke's Bay,0
547600,Mahora,Hastings District,Hawke's Bay,0
547700,St Leonards,Hastings District,Hawke's Bay,0
547800,Frimley,Hastings District,Hawke's Bay,0
547900,Raureka,Hastings District,Hawke's Bay,0
548000,Mayfair,Hastings District,Hawke's Bay,0
548100,Parkvale,Hastings District,Hawke's Bay,0
548200,Hastings Central,Hastings District,Hawke's Bay,0
548300,Akina,Hastings District,Hawke's Bay,0
548400,Woolwich,Hastings District,Hawke's Bay,0
548500,Camberley,Hastings District,Hawke's Bay,0
548611,Kingsley-Chatham,Hastings District,Hawke's Bay,0
548612,Lochain,Hastings District,Hawke's Bay,0
548620,Flaxmere East,Hastings District,Hawke's Bay,0
548810,Anderson Park,Hastings District,Hawke's Bay,0
548820,Iona,Hastings District,Hawke's Bay,0
548830,Te Mata,Hastings District,Hawke's Bay,0
549000,Takapau,Central Hawke'S Bay District,Hawke's Bay,0
549100,Waipawa,Central Hawke'S Bay District,Hawke's Bay,0
549200,Tikokino,Central Hawke'S Bay District,Hawke's Bay,0
549400,Otane,Central Hawke'S Bay District,Hawke's Bay,0
549500,Waipukurau,Central Hawke'S Bay District,Hawke's Bay,0
549601,Porangahau,Central Hawke'S Bay District,Hawke's Bay,0
549602,Elsthorpe-Flemington,Central Hawke'S Bay District,Hawke's Bay,0
549800,Norsewood-Herbertville,Tararua District,Manawatu-Wanganui,0
549901,Owahanga,Tararua District,Manawatu-Wanganui,0
549902,Mara,Tararua District,Manawatu-Wanganui,0
550101,Dannevirke West,Tararua District,Manawatu-Wanganui,0
550102,Dannevirke East,Tararua District,Manawatu-Wanganui,0
550200,Papatawa,Tararua District,Manawatu-Wanganui,0
550500,Woodville,Tararua District,Manawatu-Wanganui,0
550600,Urenui,New Plymouth District,Taranaki,0
550700,Okoki-Okau,New Plymouth District,Taranaki,0
550800,Oakura,New Plymouth District,Taranaki,0
550901,Bell Block,New Plymouth District,Taranaki,0
550902,Paraite,New Plymouth District,Taranaki,0
551012,Glen Avon,New Plymouth District,Taranaki,0
551013,Bowden,New Plymouth District,Taranaki,0
551014,Mangaoraka,New Plymouth District,Taranaki,0
551021,Carrington,New Plymouth District,Taranaki,0
551022,Highlands Park,New Plymouth District,Taranaki,0
551023,Fernleigh,New Plymouth District,Taranaki,0
551024,Barrett,New Plymouth District,Taranaki,0
551030,Omata,New Plymouth District,Taranaki,0
551111,Lepperton,New Plymouth District,Taranaki,0
551112,Kaitake,New Plymouth District,Taranaki,0
551120,Okato,New Plymouth District,Taranaki,0
551301,Waitara West,New Plymouth District,Taranaki,0
551302,Waitara East,New Plymouth District,Taranaki,0
551400,Moturoa,New Plymouth District,Taranaki,0
551501,Lynmouth,New Plymouth District,Taranaki,0
551502,Spotswood,New Plymouth District,Taranaki,0
551503,Marfell,New Plymouth District,Taranaki,0
551600,Upper Westown,New Plymouth District,Taranaki,0
551700,Westown,New Plymouth District,Taranaki,0
551800,New Plymouth Central,New Plymouth District,Taranaki,0
551900,Kawaroa,New Plymouth District,Taranaki,0
552001,Mount Bryan,New Plymouth District,Taranaki,0
552002,Marsland Hill,New Plymouth District,Taranaki,0
552100,Fitzroy,New Plymouth District,Taranaki,0
552200,Welbourn,New Plymouth District,Taranaki,0
552300,Merrilands,New Plymouth District,Taranaki,0
552400,Frankleigh,New Plymouth District,Taranaki,0
552500,Struan Park,New Plymouth District,Taranaki,0
552701,Egmont Village,New Plymouth District,Taranaki,0
552702,Kaimata,New Plymouth District,Taranaki,0
552800,Inglewood,New Plymouth District,Taranaki,0
552900,Midhirst,Stratford District,Taranaki,0
553001,Whangamomona,Stratford District,Taranaki,0
553002,Douglas,Stratford District,Taranaki,0
553003,Toko,Stratford District,Taranaki,0
553004,Pembroke,Stratford District,Taranaki,0
553101,Stratford West,Stratford District,Taranaki,0
553102,Stratford East,Stratford District,Taranaki,0
553200,Opunake,South Taranaki District,Taranaki,0
553301,Rahotu,South Taranaki District,Taranaki,0
553302,Kahui,South Taranaki District,Taranaki,0
553400,Kaponga,South Taranaki District,Taranaki,0
553500,Mangatoki-Moeroa,South Taranaki District,Taranaki,0
553601,Eltham,South Taranaki District,Taranaki,0
553700,Kapuni,South Taranaki District,Taranaki,0
553800,Manaia,South Taranaki District,Taranaki,0
553900,Normanby,South Taranaki District,Taranaki,0
554010,Hawera North,South Taranaki District,Taranaki,0
554020,Hawera South,South Taranaki District,Taranaki,0
554111,Ohawe Beach,South Taranaki District,Taranaki,0
554113,Tawhiti,South Taranaki District,Taranaki,0
554114,Waingongoro,South Taranaki District,Taranaki,0
554115,Hawera West,South Taranaki District,Taranaki,0
554120,Ohangai,South Taranaki District,Taranaki,0
554130,Okaiawa,South Taranaki District,Taranaki,0
554300,Waitotara,South Taranaki District,Taranaki,0
554400,Whenuakura,South Taranaki District,Taranaki,0
554500,Makakaho,South Taranaki District,Taranaki,0
554700,Patea,South Taranaki District,Taranaki,0
554800,Waverley,South Taranaki District,Taranaki,0
554900,Tangiwai,Ruapehu District,Manawatu-Wanganui,0
555000,Ohakune,Ruapehu District,Manawatu-Wanganui,0
555100,Raetihi,Ruapehu District,Manawatu-Wanganui,0
555200,Otamatea,Wanganui District,Manawatu-Wanganui,0
555300,Blueskin,Wanganui District,Manawatu-Wanganui,0
555400,Maxwell,Wanganui District,Manawatu-Wanganui,0
555700,Castlecliff North,Wanganui District,Manawatu-Wanganui,0
555800,Castlecliff South,Wanganui District,Manawatu-Wanganui,0
555900,Mosston,Wanganui District,Manawatu-Wanganui,0
556000,Balgownie,Wanganui District,Manawatu-Wanganui,0
556100,Tawhero,Wanganui District,Manawatu-Wanganui,0
556200,Gonville South,Wanganui District,Manawatu-Wanganui,0
556300,Gonville East,Wanganui District,Manawatu-Wanganui,0
556400,Gonville West,Wanganui District,Manawatu-Wanganui,0
556500,Springvale West,Wanganui District,Manawatu-Wanganui,0
556600,Springvale East,Wanganui District,Manawatu-Wanganui,0
556700,Wanganui Collegiate,Wanganui District,Manawatu-Wanganui,0
556800,Laird Park,Wanganui District,Manawatu-Wanganui,0
556900,Wanganui Central,Wanganui District,Manawatu-Wanganui,0
557000,Spriggens Park,Wanganui District,Manawatu-Wanganui,0
557100,Cooks Gardens,Wanganui District,Manawatu-Wanganui,0
557200,St Johns Hill,Wanganui District,Manawatu-Wanganui,0
557300,Lower Aramoho,Wanganui District,Manawatu-Wanganui,0
557400,Upper Aramoho,Wanganui District,Manawatu-Wanganui,0
557500,Williams Domain,Wanganui District,Manawatu-Wanganui,0
557600,Wembley Park,Wanganui District,Manawatu-Wanganui,0
557700,Kowhai Park,Wanganui District,Manawatu-Wanganui,0
557800,Bastia Hill,Wanganui District,Manawatu-Wanganui,0
557900,Durie Hill,Wanganui District,Manawatu-Wanganui,0
558100,Putiki,Wanganui District,Manawatu-Wanganui,0
558200,Marybank-Gordon Park,Wanganui District,Manawatu-Wanganui,0
558300,Fordell-Kakatahi,Wanganui District,Manawatu-Wanganui,0
558500,Waiouru,Ruapehu District,Manawatu-Wanganui,0
558600,Mangaweka,Rangitikei District,Manawatu-Wanganui,0
558700,Hunterville,Rangitikei District,Manawatu-Wanganui,0
558800,Ratana Community,Rangitikei District,Manawatu-Wanganui,0
558900,Bulls,Rangitikei District,Manawatu-Wanganui,0
559000,Ngamatea,Rangitikei District,Manawatu-Wanganui,0
559210,Moawhango,Rangitikei District,Manawatu-Wanganui,0
559220,Pohonui-Porewa,Rangitikei District,Manawatu-Wanganui,0
559230,Lake Alice,Rangitikei District,Manawatu-Wanganui,0
559240,Koitiata,Rangitikei District,Manawatu-Wanganui,0
559400,Taihape,Rangitikei District,Manawatu-Wanganui,0
559500,Marton,Rangitikei District,Manawatu-Wanganui,0
559700,Kiwitea,Manawatu District,Manawatu-Wanganui,0
560000,Pohangina,Manawatu District,Manawatu-Wanganui,0
560200,Ashhurst,Palmerston North City,Manawatu-Wanganui,0
560301,Stoney Creek,Manawatu District,Manawatu-Wanganui,0
560302,Whakarongo,Palmerston North City,Manawatu-Wanganui,0
560411,Oroua Bridge,Manawatu District,Manawatu-Wanganui,0
560412,Maewa,Manawatu District,Manawatu-Wanganui,0
560421,Halcombe,Manawatu District,Manawatu-Wanganui,0
560422,Tokorangi-Hiwinui,Manawatu District,Manawatu-Wanganui,0
560710,Feilding North,Manawatu District,Manawatu-Wanganui,0
560720,Feilding West,Manawatu District,Manawatu-Wanganui,0
560730,Feilding Central,Manawatu District,Manawatu-Wanganui,0
560740,Feilding East,Manawatu District,Manawatu-Wanganui,0
560900,Sanson,Manawatu District,Manawatu-Wanganui,0
561000,Rongotea,Manawatu District,Manawatu-Wanganui,0
561100,Tangimoana,Manawatu District,Manawatu-Wanganui,0
561200,Himatangi Beach,Manawatu District,Manawatu-Wanganui,0
561300,Foxton Beach,Horowhenua District,Manawatu-Wanganui,0
561410,Rakiraki,Manawatu District,Manawatu-Wanganui,0
561421,Ohakea,Manawatu District,Manawatu-Wanganui,0
561422,Oroua Downs-Waitohi,Manawatu District,Manawatu-Wanganui,0
561500,Moutoa,Horowhenua District,Manawatu-Wanganui,0
561700,Foxton,Horowhenua District,Manawatu-Wanganui,0
561811,Kairanga,Manawatu District,Manawatu-Wanganui,0
561812,Longburn,Manawatu District,Manawatu-Wanganui,0
561813,Massey University,Palmerston North City,Manawatu-Wanganui,0
561820,Linton Military Camp,Palmerston North City,Manawatu-Wanganui,0
561901,Kauwhata,Manawatu District,Manawatu-Wanganui,0
561902,Turitea,Palmerston North City,Manawatu-Wanganui,0
562100,Milson,Palmerston North City,Manawatu-Wanganui,0
562200,Kelvin Grove,Palmerston North City,Manawatu-Wanganui,0
562310,Takaro,Palmerston North City,Manawatu-Wanganui,0
562320,Cloverlea,Palmerston North City,Manawatu-Wanganui,0
562401,Palmerston North Hospital,Palmerston North City,Manawatu-Wanganui,0
562402,Papaeoia,Palmerston North City,Manawatu-Wanganui,0
562500,Roslyn,Palmerston North City,Manawatu-Wanganui,0
562600,Terrace End,Palmerston North City,Manawatu-Wanganui,0
562710,Highbury,Palmerston North City,Manawatu-Wanganui,0
562720,Westbrook,Palmerston North City,Manawatu-Wanganui,0
562800,Palmerston North Central,Palmerston North City,Manawatu-Wanganui,0
562910,Awapuni North,Palmerston North City,Manawatu-Wanganui,0
562921,Awapuni West,Palmerston North City,Manawatu-Wanganui,0
562922,Awapuni South,Palmerston North City,Manawatu-Wanganui,0
563000,West End,Palmerston North City,Manawatu-Wanganui,0
563101,Hokowhitu West,Palmerston North City,Manawatu-Wanganui,0
563102,Hokowhitu Lagoon,Palmerston North City,Manawatu-Wanganui,0
563200,Hokowhitu East,Palmerston North City,Manawatu-Wanganui,0
563300,Aokautere,Palmerston North City,Manawatu-Wanganui,0
563500,Shannon,Horowhenua District,Manawatu-Wanganui,0
563600,Waitarere,Horowhenua District,Manawatu-Wanganui,0
563701,Waikanae Beach,Kapiti Coast District,Wellington,0
563703,Waikanae East,Kapiti Coast District,Wellington,0
563704,Peka Peka,Kapiti Coast District,Wellington,0
563705,Waikanae Park,Kapiti Coast District,Wellington,0
563706,Waikanae West,Kapiti Coast District,Wellington,0
563801,Tokomaru,Horowhenua District,Manawatu-Wanganui,0
563802,Opiki,Horowhenua District,Manawatu-Wanganui,0
563920,Kaitawa,Kapiti Coast District,Wellington,0
564011,Lake Horowhenua,Horowhenua District,Manawatu-Wanganui,0
564012,Waiopehu,Horowhenua District,Manawatu-Wanganui,0
564013,Kohitere,Horowhenua District,Manawatu-Wanganui,0
564021,Mangaore-Manakau,Horowhenua District,Manawatu-Wanganui,0
564022,Otaki Forks,Kapiti Coast District,Wellington,0
564023,Te Horo,Kapiti Coast District,Wellington,0
564210,Levin North,Horowhenua District,Manawatu-Wanganui,0
564220,Levin West,Horowhenua District,Manawatu-Wanganui,0
564231,Playford Park,Horowhenua District,Manawatu-Wanganui,0
564232,Levin South,Horowhenua District,Manawatu-Wanganui,0
564240,Levin East,Horowhenua District,Manawatu-Wanganui,0
564400,Otaki,Kapiti Coast District,Wellington,0
564510,Heretaunga Park,Upper Hutt City,Wellington,0
564520,Trentham South,Upper Hutt City,Wellington,0
564530,Pinehaven,Upper Hutt City,Wellington,0
564600,Nabhra,Upper Hutt City,Wellington,0
564800,Glendale,Lower Hutt City,Wellington,0
564900,Parkway,Lower Hutt City,Wellington,0
565000,Fernlea,Lower Hutt City,Wellington,0
565100,Arakura,Lower Hutt City,Wellington,0
565200,Homedale West,Lower Hutt City,Wellington,0
565300,Homedale East,Lower Hutt City,Wellington,0
565400,Pencarrow,Lower Hutt City,Wellington,0
565601,Pauatahanui,Porirua City,Wellington,0
565602,Endeavour,Porirua City,Wellington,0
565603,Resolution,Porirua City,Wellington,0
565604,Adventure,Porirua City,Wellington,0
565700,Paekakariki Hill,Porirua City,Wellington,0
565901,Paraparaumu Beach North,Kapiti Coast District,Wellington,0
565902,Otaihanga,Kapiti Coast District,Wellington,0
565903,Paraparaumu Beach South,Kapiti Coast District,Wellington,0
566000,Paraparaumu Central,Kapiti Coast District,Wellington,0
566101,Raumati Beach,Kapiti Coast District,Wellington,0
566102,Raumati South,Kapiti Coast District,Wellington,0
566200,Paekakariki,Kapiti Coast District,Wellington,0
566301,Kapiti Island,Kapiti Coast District,Wellington,0
566302,Maungakotukutuku,Kapiti Coast District,Wellington,0
566500,Te Marua,Upper Hutt City,Wellington,0
566610,Akatarawa,Upper Hutt City,Wellington,0
566620,Emerald Hill,Upper Hutt City,Wellington,0
566700,Maoribank,Upper Hutt City,Wellington,0
566800,Clouston Park,Upper Hutt City,Wellington,0
566900,Totara Park,Upper Hutt City,Wellington,0
567000,Ebdentown,Upper Hutt City,Wellington,0
567100,Upper Hutt Central,Upper Hutt City,Wellington,0
567200,Maidstone,Upper Hutt City,Wellington,0
567300,Wallaceville,Upper Hutt City,Wellington,0
567400,Elderslea,Upper Hutt City,Wellington,0
567500,Moonshine,Upper Hutt City,Wellington,0
567600,Brentwood,Upper Hutt City,Wellington,0
567700,Trentham North,Upper Hutt City,Wellington,0
567800,Heretaunga-Silverstream,Upper Hutt City,Wellington,0
567901,Cloustonville,Upper Hutt City,Wellington,0
567902,Mangaroa,Upper Hutt City,Wellington,0
568101,Tawhai,Lower Hutt City,Wellington,0
568102,Holborn,Lower Hutt City,Wellington,0
568103,Delaney,Lower Hutt City,Wellington,0
568104,Manuka,Lower Hutt City,Wellington,0
568201,Taita North,Lower Hutt City,Wellington,0
568202,Taita South,Lower Hutt City,Wellington,0
568301,Avalon East,Lower Hutt City,Wellington,0
568302,Naenae North,Lower Hutt City,Wellington,0
568303,Naenae South,Lower Hutt City,Wellington,0
568401,Avalon West,Lower Hutt City,Wellington,0
568402,Boulcott,Lower Hutt City,Wellington,0
568501,Epuni West,Lower Hutt City,Wellington,0
568502,Epuni East,Lower Hutt City,Wellington,0
568601,Waterloo West,Lower Hutt City,Wellington,0
568602,Waterloo East,Lower Hutt City,Wellington,0
568701,Waiwhetu North,Lower Hutt City,Wellington,0
568702,Waiwhetu South,Lower Hutt City,Wellington,0
568800,Gracefield,Lower Hutt City,Wellington,0
568900,Moera,Lower Hutt City,Wellington,0
569001,Woburn North,Lower Hutt City,Wellington,0
569002,Woburn South,Lower Hutt City,Wellington,0
569100,Hutt Central,Lower Hutt City,Wellington,0
569201,Melling,Lower Hutt City,Wellington,0
569202,Alicetown,Lower Hutt City,Wellington,0
569301,Normandale,Lower Hutt City,Wellington,0
569302,Maungaraki,Lower Hutt City,Wellington,0
569400,Belmont,Lower Hutt City,Wellington,0
569500,Kelson,Lower Hutt City,Wellington,0
569600,Haywards-Manor Park,Lower Hutt City,Wellington,0
569800,Korokoro,Lower Hutt City,Wellington,0
569900,Petone Central,Lower Hutt City,Wellington,0
570000,Esplanade,Lower Hutt City,Wellington,0
570100,Wilford,Lower Hutt City,Wellington,0
570300,Eastbourne,Lower Hutt City,Wellington,0
570400,Titahi Bay North,Porirua City,Wellington,0
570500,Onepoto,Porirua City,Wellington,0
570600,Titahi Bay South,Porirua City,Wellington,0
570700,Elsdon-Takapuwahia,Porirua City,Wellington,0
570800,Porirua Central,Porirua City,Wellington,0
570900,Porirua East,Porirua City,Wellington,0
571000,Ranui Heights,Porirua City,Wellington,0
571100,Cannons Creek North,Porirua City,Wellington,0
571200,Cannons Creek South,Porirua City,Wellington,0
571300,Cannons Creek East,Porirua City,Wellington,0
571400,Waitangirua,Porirua City,Wellington,0
571500,Papakowhai,Porirua City,Wellington,0
571600,Ascot Park,Porirua City,Wellington,0
571800,Pukerua Bay,Porirua City,Wellington,0
571900,Plimmerton,Porirua City,Wellington,0
572000,Mana-Camborne,Porirua City,Wellington,0
572100,Paremata-Postgate,Porirua City,Wellington,0
572200,Discovery,Porirua City,Wellington,0
572300,Mana Island,Porirua City,Wellington,0
572500,Tawa South,Wellington City,Wellington,0
572600,Central Tawa,Wellington City,Wellington,0
572701,Linden,Wellington City,Wellington,0
572702,Greenacres,Wellington City,Wellington,0
572900,Thorndon-Tinakori Road,Wellington City,Wellington,0
573000,Lambton,Wellington City,Wellington,0
573100,Willis Street-Cambridge Terrace,Wellington City,Wellington,0
573200,Aro Street-Nairn Street,Wellington City,Wellington,0
573300,Mt Cook-Wallace Street,Wellington City,Wellington,0
573400,Mt Victoria West,Wellington City,Wellington,0
573511,Churton Park,Wellington City,Wellington,0
573512,Churton,Wellington City,Wellington,0
573521,Grenada,Wellington City,Wellington,0
573522,Grenada North,Wellington City,Wellington,0
573523,Paparangi,Wellington City,Wellington,0
573524,Newlands East,Wellington City,Wellington,0
573600,Johnsonville North,Wellington City,Wellington,0
573700,Johnsonville South,Wellington City,Wellington,0
573800,Johnsonville East,Wellington City,Wellington,0
573900,Newlands North,Wellington City,Wellington,0
574001,Newlands South,Wellington City,Wellington,0
574002,Ngauranga East,Wellington City,Wellington,0
574100,Raroa,Wellington City,Wellington,0
574200,Khandallah Park,Wellington City,Wellington,0
574302,Te Kainga,Wellington City,Wellington,0
574303,Ngauranga West,Wellington City,Wellington,0
574304,Rangoon Heights,Wellington City,Wellington,0
574401,Awarua,Wellington City,Wellington,0
574402,Ngaio,Wellington City,Wellington,0
574500,Kaiwharawhara,Wellington City,Wellington,0
574600,Wadestown,Wellington City,Wellington,0
574700,Wilton-Otari,Wellington City,Wellington,0
574800,Johnston Hill,Wellington City,Wellington,0
574900,Karori Park,Wellington City,Wellington,0
575000,Karori East,Wellington City,Wellington,0
575100,Wright Hill,Wellington City,Wellington,0
575200,Northland,Wellington City,Wellington,0
575300,Kelburn,Wellington City,Wellington,0
575400,Taitville,Wellington City,Wellington,0
575500,Mitchelltown,Wellington City,Wellington,0
575600,Brooklyn,Wellington City,Wellington,0
575700,Vogeltown,Wellington City,Wellington,0
575800,Kingston,Wellington City,Wellington,0
575901,Brooklyn South,Wellington City,Wellington,0
575902,Happy Valley-Owhiro Bay,Wellington City,Wellington,0
576001,Island Bay West,Wellington City,Wellington,0
576002,Island Bay East,Wellington City,Wellington,0
576100,Melrose,Wellington City,Wellington,0
576200,Berhampore,Wellington City,Wellington,0
576300,Newtown West,Wellington City,Wellington,0
576400,Newtown East,Wellington City,Wellington,0
576500,Adelaide,Wellington City,Wellington,0
576600,Oriental Bay,Wellington City,Wellington,0
576700,Roseneath,Wellington City,Wellington,0
576800,Hataitai,Wellington City,Wellington,0
576901,Kilbirnie East,Wellington City,Wellington,0
576902,Kilbirnie West,Wellington City,Wellington,0
577000,Lyall Bay,Wellington City,Wellington,0
577100,Strathmore Park,Wellington City,Wellington,0
577200,Miramar South,Wellington City,Wellington,0
577300,Miramar North,Wellington City,Wellington,0
577400,Karaka Bay-Worser Bay,Wellington City,Wellington,0
577500,Seatoun,Wellington City,Wellington,0
577600,Maupuia,Wellington City,Wellington,0
577700,Makara-Ohariu,Wellington City,Wellington,0
577900,Mangatainoka,Tararua District,Manawatu-Wanganui,0
578000,Pahiatua,Tararua District,Manawatu-Wanganui,0
578100,Eketahuna,Tararua District,Manawatu-Wanganui,0
578200,Nireaha-Tiraumea,Tararua District,Manawatu-Wanganui,0
578301,Homebush-Te Ore Ore,Masterton District,Wellington,0
578302,Opaki-Fernridge,Masterton District,Wellington,0
578401,Kopuaranga,Masterton District,Wellington,0
578402,Whareama,Masterton District,Wellington,0
578600,Masterton Central,Masterton District,Wellington,0
578700,Masterton West,Masterton District,Wellington,0
578800,Masterton East,Masterton District,Wellington,0
578901,Solway North,Masterton District,Wellington,0
578902,Solway South,Masterton District,Wellington,0
579000,Ngaumutawa,Masterton District,Wellington,0
579100,Masterton Railway,Masterton District,Wellington,0
579200,Lansdowne,Masterton District,Wellington,0
579400,Waingawa,Carterton District,Wellington,0
579501,Mt Holdsworth,Carterton District,Wellington,0
579502,Te Wharau,Carterton District,Wellington,0
579700,Carterton,Carterton District,Wellington,0
579802,Tuturumuri,South Wairarapa District,Wellington,0
579803,Kahutara,South Wairarapa District,Wellington,0
579804,Inland Water-Lake Wairarapa,South Wairarapa District,Wellington,0
579900,Greytown,South Wairarapa District,Wellington,0
580000,Featherston,South Wairarapa District,Wellington,0
580100,Martinborough,South Wairarapa District,Wellington,0
580200,Havelock,Marlborough District,Marlborough,0
580300,Renwick,Marlborough District,Marlborough,0
580410,Woodbourne,Marlborough District,Marlborough,0
580420,Omaka,Marlborough District,Marlborough,0
580430,Spring Creek-Riverlands,Marlborough District,Marlborough,0
580442,Waikawa,Marlborough District,Marlborough,0
580444,Wairau,Marlborough District,Marlborough,0
580445,Marlborough Sounds Coastal Marine,Marlborough District,Marlborough,0
580446,Marlborough Sounds Terrestrial,Marlborough District,Marlborough,0
580600,Severn,Marlborough District,Marlborough,0
580801,Ward,Marlborough District,Marlborough,0
580802,Seddon,Marlborough District,Marlborough,0
580900,Lake Tennyson,Hurunui District,Canterbury,0
581100,Picton,Marlborough District,Marlborough,0
581210,Springlands,Marlborough District,Marlborough,0
581220,Mayfield,Marlborough District,Marlborough,0
581230,Blenheim Central,Marlborough District,Marlborough,0
581240,Whitney,Marlborough District,Marlborough,0
581250,Redwoodtown,Marlborough District,Marlborough,0
581260,Witherlea,Marlborough District,Marlborough,0
581400,Kaikoura Township,Kaikoura District,Canterbury,0
581500,Kaikoura Rural,Kaikoura District,Canterbury,0
581601,Golden Bay,Tasman District,Tasman,0
581602,Takaka,Tasman District,Tasman,0
581713,Glenduan,Nelson City,Nelson,0
581715,Ngawhatu,Nelson City,Nelson,0
581717,Aniseed Hill,Tasman District,Tasman,0
581720,Hope,Tasman District,Tasman,0
581721,Saxton Island,Nelson City,Nelson,0
581722,Waimea Inlet East,Nelson City,Nelson,0
581723,Saxton,Nelson City,Nelson,0
581724,Best Island,Tasman District,Tasman,0
581725,Bell Island,Tasman District,Tasman,0
581726,Ranzau,Tasman District,Tasman,0
581811,Richmond Hill,Tasman District,Tasman,0
581812,Whangamoa,Nelson City,Nelson,0
581822,Brightwater,Tasman District,Tasman,0
581823,Wakefield,Tasman District,Tasman,0
581825,Mapua,Tasman District,Tasman,0
581831,Inlet-Motueka,Tasman District,Tasman,0
581832,Kaiteriteri,Tasman District,Tasman,0
581833,Motueka Outer,Tasman District,Tasman,0
581834,Rabbit Island,Tasman District,Tasman,0
581835,Waimea Inlet West,Tasman District,Tasman,0
581836,Wai-Iti,Tasman District,Tasman,0
581841,Golden Downs,Tasman District,Tasman,0
581842,Lake Rotoroa,Tasman District,Tasman,0
581843,Murchison,Tasman District,Tasman,0
581844,Tapawera,Tasman District,Tasman,0
581850,Riwaka,Tasman District,Tasman,0
582000,Clifton,Nelson City,Nelson,0
582100,Atawhai,Nelson City,Nelson,0
582200,Port Nelson,Nelson City,Nelson,0
582300,The Wood,Nelson City,Nelson,0
582400,Britannia Heights,Nelson City,Nelson,0
582500,Trafalgar,Nelson City,Nelson,0
582600,Maitai,Nelson City,Nelson,0
582700,Kirks,Nelson City,Nelson,0
582800,Bronte,Nelson City,Nelson,0
582900,Atmore,Nelson City,Nelson,0
583000,Tahunanui,Nelson City,Nelson,0
583100,Tahuna Hills,Nelson City,Nelson,0
583201,Toi Toi,Nelson City,Nelson,0
583202,Broads,Nelson City,Nelson,0
583300,Grampians,Nelson City,Nelson,0
583400,The Brook,Nelson City,Nelson,0
583500,Nelson Airport,Nelson City,Nelson,0
583600,Nayland,Nelson City,Nelson,0
583700,Enner Glynn,Nelson City,Nelson,0
583800,Maitlands,Nelson City,Nelson,0
583900,Isel Park,Nelson City,Nelson,0
584000,Langbein,Nelson City,Nelson,0
584201,Richmond North,Tasman District,Tasman,0
584202,Richmond South,Tasman District,Tasman,0
584301,Motueka West,Tasman District,Tasman,0
584303,Motueka East,Tasman District,Tasman,0
584304,Moutere Inlet,Tasman District,Tasman,0
584305,Jackett Island,Tasman District,Tasman,0
584402,Karamea,Buller District,West Coast,0
584403,Hector-Ngakawau,Buller District,West Coast,0
584404,Granity,Buller District,West Coast,0
584405,Orowaiti,Buller District,West Coast,0
584407,Little Wanganui,Buller District,West Coast,0
584408,Mokihinui,Buller District,West Coast,0
584409,Buller Coalfields,Buller District,West Coast,0
584410,Westport Rural,Buller District,West Coast,0
584411,Charleston,Buller District,West Coast,0
584412,Inangahua Junction,Buller District,West Coast,0
584500,Westport Urban,Buller District,West Coast,0
584600,Reefton,Buller District,West Coast,0
584701,Inangahua Valley,Buller District,West Coast,0
584702,Mawheraiti,Buller District,West Coast,0
584703,Maruia,Buller District,West Coast,0
584800,Karoro,Grey District,West Coast,0
584911,Kaiata,Grey District,West Coast,0
584912,South Beach-Camerons,Grey District,West Coast,0
584922,Blackball,Grey District,West Coast,0
584923,Point Elizabeth,Grey District,West Coast,0
584930,Dobson,Grey District,West Coast,0
584931,Barrytown,Grey District,West Coast,0
584932,Coalcreek,Grey District,West Coast,0
584933,Atarau,Grey District,West Coast,0
584934,Greymouth Rural,Grey District,West Coast,0
584935,Marsden-Hohonu,Grey District,West Coast,0
584936,Arnold Valley,Grey District,West Coast,0
584937,Nelson Creek-Ngahere,Grey District,West Coast,0
584938,Ahaura,Grey District,West Coast,0
584939,Lake Brunner,Grey District,West Coast,0
584940,Haupiri,Grey District,West Coast,0
585000,Runanga-Rapahoe,Grey District,West Coast,0
585110,Cobden,Grey District,West Coast,0
585120,Blaketown,Grey District,West Coast,0
585130,Greymouth Central,Grey District,West Coast,0
585140,Greymouth South,Grey District,West Coast,0
585306,Kumara,Westland District,West Coast,0
585307,Kaniere,Westland District,West Coast,0
585309,Ross,Westland District,West Coast,0
585311,Harihari,Westland District,West Coast,0
585312,Franz Josef,Westland District,West Coast,0
585313,Fox Glacier,Westland District,West Coast,0
585314,Taramakau,Westland District,West Coast,0
585315,Otira,Westland District,West Coast,0
585316,Waimea-Arahura,Westland District,West Coast,0
585317,Hokitika Rural,Westland District,West Coast,0
585318,Hokitika Valley,Westland District,West Coast,0
585319,Totara River,Westland District,West Coast,0
585320,Waitaha,Westland District,West Coast,0
585321,Whataroa,Westland District,West Coast,0
585322,Waio,Westland District,West Coast,0
585323,Karangarua,Westland District,West Coast,0
585324,Bruce Bay-Paringa,Westland District,West Coast,0
585325,Haast,Westland District,West Coast,0
585400,Hokitika Urban,Westland District,West Coast,0
585502,Hanmer Springs,Hurunui District,Canterbury,0
585503,Amuri,Hurunui District,Canterbury,0
585504,Culverden,Hurunui District,Canterbury,0
585601,Parnassus,Hurunui District,Canterbury,0
585602,Cheviot,Hurunui District,Canterbury,0
585700,Hurunui,Hurunui District,Canterbury,0
585802,Amberley,Hurunui District,Canterbury,0
585803,Leithfield,Hurunui District,Canterbury,0
585805,Sefton,Waimakariri District,Canterbury,0
585806,Okuku,Waimakariri District,Canterbury,0
585807,Loburn,Waimakariri District,Canterbury,0
585808,Ashley,Waimakariri District,Canterbury,0
586001,Camside,Waimakariri District,Canterbury,0
586002,Pines-Kairaki Beach,Waimakariri District,Canterbury,0
586112,Waikuku,Waimakariri District,Canterbury,0
586114,Cust,Waimakariri District,Canterbury,0
586115,Mairaki,Waimakariri District,Canterbury,0
586116,Fernside,Waimakariri District,Canterbury,0
586117,Tuahiwi,Waimakariri District,Canterbury,0
586118,Coldstream,Waimakariri District,Canterbury,0
586120,Woodend,Waimakariri District,Canterbury,0
586301,Rangiora North,Waimakariri District,Canterbury,0
586302,Rangiora West,Waimakariri District,Canterbury,0
586303,Rangiora East,Waimakariri District,Canterbury,0
586304,Southbrook,Waimakariri District,Canterbury,0
586401,Kaiapoi North,Waimakariri District,Canterbury,0
586402,Kaiapoi South,Waimakariri District,Canterbury,0
586501,Clarkville,Waimakariri District,Canterbury,0
586502,Kaiapoi West,Waimakariri District,Canterbury,0
586601,West Eyreton,Waimakariri District,Canterbury,0
586602,Eyreton,Waimakariri District,Canterbury,0
586801,Ashley Gorge,Waimakariri District,Canterbury,0
586802,Oxford,Waimakariri District,Canterbury,0
586900,Darfield,Selwyn District,Canterbury,0
587010,Kirwee,Selwyn District,Canterbury,0
587020,Burnham Military Camp,Selwyn District,Canterbury,0
587100,Malvern,Selwyn District,Canterbury,0
587301,Oaklands,Christchurch City,Canterbury,0
587302,Halswell South,Christchurch City,Canterbury,0
587400,Hornby North,Christchurch City,Canterbury,0
587500,Hornby South,Christchurch City,Canterbury,0
587701,Sockburn,Christchurch City,Canterbury,0
587702,Wigram,Christchurch City,Canterbury,0
587811,Yaldhurst,Christchurch City,Canterbury,0
587812,Broomfield,Christchurch City,Canterbury,0
587820,Templeton,Christchurch City,Canterbury,0
587830,Islington,Christchurch City,Canterbury,0
587841,Prebbleton,Selwyn District,Canterbury,0
587842,Halswell West,Christchurch City,Canterbury,0
587843,Halswell East,Christchurch City,Canterbury,0
587844,Westmorland,Christchurch City,Canterbury,0
587902,Mcleans Island,Christchurch City,Canterbury,0
587903,Kennedys Bush,Christchurch City,Canterbury,0
587904,West Melton,Selwyn District,Canterbury,0
587905,Taitapu,Selwyn District,Canterbury,0
588101,Redwood North,Christchurch City,Canterbury,0
588102,Redwood South,Christchurch City,Canterbury,0
588200,Styx Mill,Christchurch City,Canterbury,0
588300,Casebrook,Christchurch City,Canterbury,0
588400,Sawyers Arms,Christchurch City,Canterbury,0
588500,Kaimahi,Christchurch City,Canterbury,0
588600,Harewood,Christchurch City,Canterbury,0
588700,Bishopdale,Christchurch City,Canterbury,0
588800,Russley,Christchurch City,Canterbury,0
588900,Burnside,Christchurch City,Canterbury,0
589000,Wairarapa,Christchurch City,Canterbury,0
589100,Jellie Park,Christchurch City,Canterbury,0
589200,Bryndwr,Christchurch City,Canterbury,0
589300,Holmwood,Christchurch City,Canterbury,0
589400,Fendalton,Christchurch City,Canterbury,0
589500,Deans Bush,Christchurch City,Canterbury,0
589601,Hawthornden,Christchurch City,Canterbury,0
589602,Merrin,Christchurch City,Canterbury,0
589700,Westburn,Christchurch City,Canterbury,0
589800,Masham,Christchurch City,Canterbury,0
589900,Avonhead,Christchurch City,Canterbury,0
590000,Ilam,Christchurch City,Canterbury,0
590100,Upper Riccarton,Christchurch City,Canterbury,0
590200,Wharenui,Christchurch City,Canterbury,0
590300,Middleton,Christchurch City,Canterbury,0
590400,Belfast,Christchurch City,Canterbury,0
590500,Marshland,Christchurch City,Canterbury,0
590601,Styx,Christchurch City,Canterbury,0
590602,Parklands,Christchurch City,Canterbury,0
590700,Riccarton West,Christchurch City,Canterbury,0
590800,Riccarton,Christchurch City,Canterbury,0
590900,Riccarton South,Christchurch City,Canterbury,0
591101,Cashmere West,Christchurch City,Canterbury,0
591102,Cashmere East,Christchurch City,Canterbury,0
591200,Rapaki Track,Christchurch City,Canterbury,0
591300,Heathcote Valley,Christchurch City,Canterbury,0
591500,Cathedral Square,Christchurch City,Canterbury,0
591600,Hagley Park,Christchurch City,Canterbury,0
591700,Avon Loop,Christchurch City,Canterbury,0
591800,Northcote,Christchurch City,Canterbury,0
591900,Papanui,Christchurch City,Canterbury,0
592000,Aorangi,Christchurch City,Canterbury,0
592100,Strowan,Christchurch City,Canterbury,0
592200,Merivale,Christchurch City,Canterbury,0
592300,Rutland,Christchurch City,Canterbury,0
592401,St Albans West,Christchurch City,Canterbury,0
592402,St Albans East,Christchurch City,Canterbury,0
592500,Mairehau,Christchurch City,Canterbury,0
592600,Edgeware,Christchurch City,Canterbury,0
592701,Shirley West,Christchurch City,Canterbury,0
592702,Shirley East,Christchurch City,Canterbury,0
592811,Burwood,Christchurch City,Canterbury,0
592812,Dallington,Christchurch City,Canterbury,0
592820,Travis,Christchurch City,Canterbury,0
592900,Avondale,Christchurch City,Canterbury,0
593000,Chisnall,Christchurch City,Canterbury,0
593100,Aranui,Christchurch City,Canterbury,0
593200,North Richmond,Christchurch City,Canterbury,0
593300,South Richmond,Christchurch City,Canterbury,0
593400,Avonside,Christchurch City,Canterbury,0
593501,Linwood,Christchurch City,Canterbury,0
593502,Phillipstown,Christchurch City,Canterbury,0
593600,North Linwood,Christchurch City,Canterbury,0
593700,East Linwood,Christchurch City,Canterbury,0
593800,Bexley,Christchurch City,Canterbury,0
593900,Bromley,Christchurch City,Canterbury,0
594010,Woolston West,Christchurch City,Canterbury,0
594020,Ferrymead,Christchurch City,Canterbury,0
594100,Woolston South,Christchurch City,Canterbury,0
594200,Ensors,Christchurch City,Canterbury,0
594300,Opawa,Christchurch City,Canterbury,0
594400,St Martins,Christchurch City,Canterbury,0
594500,Waltham,Christchurch City,Canterbury,0
594600,Sydenham,Christchurch City,Canterbury,0
594700,Addington,Christchurch City,Canterbury,0
594800,Barrington North,Christchurch City,Canterbury,0
594900,Barrington South,Christchurch City,Canterbury,0
595000,Spreydon,Christchurch City,Canterbury,0
595100,Hoon Hay,Christchurch City,Canterbury,0
595200,Hoon Hay South,Christchurch City,Canterbury,0
595300,Hillmorton,Christchurch City,Canterbury,0
595400,Somerfield,Christchurch City,Canterbury,0
595500,Beckenham,Christchurch City,Canterbury,0
595600,North Beach,Christchurch City,Canterbury,0
595700,Rawhiti,Christchurch City,Canterbury,0
595800,New Brighton,Christchurch City,Canterbury,0
595900,South Brighton,Christchurch City,Canterbury,0
596000,Mt Pleasant,Christchurch City,Canterbury,0
596101,Avon-Heathcote Estuary,Christchurch City,Canterbury,0
596102,Moncks Bay,Christchurch City,Canterbury,0
596200,Sumner,Christchurch City,Canterbury,0
596400,Lyttelton,Christchurch City,Canterbury,0
596502,Diamond Harbour,Christchurch City,Canterbury,0
596503,Governors Bay,Christchurch City,Canterbury,0
596504,Quail Island,Christchurch City,Canterbury,0
596600,Port Levy,Christchurch City,Canterbury,0
596800,Akaroa,Christchurch City,Canterbury,0
596900,Okains Bay,Christchurch City,Canterbury,0
597101,Little River,Christchurch City,Canterbury,0
597102,Inland Water-Lake Ellesmere South,Christchurch City,Canterbury,0
597200,Lincoln,Selwyn District,Canterbury,0
597300,Leeston,Selwyn District,Canterbury,0
597400,Southbridge,Selwyn District,Canterbury,0
597502,Rolleston,Selwyn District,Canterbury,0
597503,Dunsandel,Selwyn District,Canterbury,0
597504,Springston,Selwyn District,Canterbury,0
597505,Inland Water-Lake Ellesmere North,Selwyn District,Canterbury,0
597506,Selwyn-Rakaia,Selwyn District,Canterbury,0
597600,Methven,Ashburton District,Canterbury,0
597711,Fairton,Ashburton District,Canterbury,0
597712,Plains Railway,Ashburton District,Canterbury,0
597720,Mt Somers,Ashburton District,Canterbury,0
597730,Hinds,Ashburton District,Canterbury,0
597741,Chertsey,Ashburton District,Canterbury,0
597742,Rakaia,Ashburton District,Canterbury,0
597810,Allenton,Ashburton District,Canterbury,0
597820,Central Ashburton West,Ashburton District,Canterbury,0
597830,Netherby,Ashburton District,Canterbury,0
597840,Central Ashburton East,Ashburton District,Canterbury,0
597850,Hampstead,Ashburton District,Canterbury,0
597860,Tinwald,Ashburton District,Canterbury,0
598000,Winchester,Timaru District,Canterbury,0
598201,Fairview-Scarborough,Timaru District,Canterbury,0
598202,Otipua Creek-Washdyke Flat,Timaru District,Canterbury,0
598311,Ben Mcleod,Timaru District,Canterbury,0
598312,Orari,Timaru District,Canterbury,0
598313,Levels,Timaru District,Canterbury,0
598314,Pareora,Timaru District,Canterbury,0
598320,Pleasant Point,Timaru District,Canterbury,0
598500,Geraldine,Timaru District,Canterbury,0
598600,Temuka,Timaru District,Canterbury,0
598700,Washdyke,Timaru District,Canterbury,0
598800,Waimataitai,Timaru District,Canterbury,0
598900,Marchwiel,Timaru District,Canterbury,0
599000,Maori Park,Timaru District,Canterbury,0
599100,Highfield,Timaru District,Canterbury,0
599200,Glenwood,Timaru District,Canterbury,0
599300,Gleniti,Timaru District,Canterbury,0
599400,Fraser Park,Timaru District,Canterbury,0
599500,Seaview,Timaru District,Canterbury,0
599600,Watlington,Timaru District,Canterbury,0
599700,Parkside,Timaru District,Canterbury,0
599800,Timaru Gardens,Timaru District,Canterbury,0
599900,Redruth,Timaru District,Canterbury,0
600100,Twizel Community,Mackenzie District,Canterbury,0
600200,Fairlie,Mackenzie District,Canterbury,0
600312,Mt Cook,Mackenzie District,Canterbury,0
600320,Lake Tekapo,Mackenzie District,Canterbury,0
600321,Inland Water-Lake Alexandrina,Mackenzie District,Canterbury,0
600322,Inland Water-Lake Tekapo,Mackenzie District,Canterbury,0
600323,Mackenzie,Mackenzie District,Canterbury,0
600410,Waihao,Waimate District,Canterbury,0
600420,St Andrews,Waimate District,Canterbury,0
600500,Waimate,Waimate District,Canterbury,0
600600,Weston,Waitaki District,Canterbury,0
600811,Pukeuri,Waitaki District,Canterbury,0
600812,Ardgowan,Waitaki District,Canterbury,0
600813,Cape Wanbrow,Waitaki District,Canterbury,0
600822,Duntroon,Waitaki District,Canterbury,0
600824,Kurow,Waitaki District,Canterbury,0
600826,Maheno,Waitaki District,Canterbury,0
600827,Omarama,Waitaki District,Canterbury,0
600828,Kakanui,Waitaki District,Canterbury,0
600830,Otematata,Waitaki District,Canterbury,0
600831,Aviemore,Waitaki District,Canterbury,0
600832,Inland Water-Lake Ohai,Waitaki District,Canterbury,0
600840,Hampden,Waitaki District,Canterbury,0
601010,Oamaru North,Waitaki District,Canterbury,0
601020,Orana Park,Waitaki District,Canterbury,0
601030,Oamaru Central,Waitaki District,Canterbury,0
601040,Oamaru South,Waitaki District,Canterbury,0
601200,Palmerston,Waitaki District,Canterbury,0
601301,Waihemo,Waitaki District,Canterbury,0
601302,Hyde,Dunedin City,Otago,0
601400,Waikouaiti,Dunedin City,Otago,0
601500,Aramoana,Dunedin City,Otago,0
601602,Waitati,Dunedin City,Otago,0
601603,Evansdale,Dunedin City,Otago,0
601604,Karitane,Dunedin City,Otago,0
601605,Warrington,Dunedin City,Otago,0
601700,Nenthorn,Waitaki District,Canterbury,0
601900,Fairfield,Dunedin City,Otago,0
602000,Brighton,Dunedin City,Otago,0
602100,Waldronville,Dunedin City,Otago,0
602200,Outram,Dunedin City,Otago,0
602300,Middlemarch,Dunedin City,Otago,0
602411,Wyllies Crossing,Dunedin City,Otago,0
602412,Wingatui,Dunedin City,Otago,0
602421,Kaikorai Hill,Dunedin City,Otago,0
602422,Kaikorai Lagoon,Dunedin City,Otago,0
602500,Momona,Dunedin City,Otago,0
602600,Silverpeaks,Dunedin City,Otago,0
602800,Fryatt,Dunedin City,Otago,0
602900,High St-The Oval,Dunedin City,Otago,0
603000,High St-Stuart St,Dunedin City,Otago,0
603100,Stuart St-Frederick St,Dunedin City,Otago,0
603210,Opoho,Dunedin City,Otago,0
603220,Forrester Park,Dunedin City,Otago,0
603300,North-East Valley,Dunedin City,Otago,0
603400,Pine Hill,Dunedin City,Otago,0
603500,Woodhaugh,Dunedin City,Otago,0
603601,North Dunedin,Dunedin City,Otago,0
603602,Otago University,Dunedin City,Otago,0
603710,Maori Hill,Dunedin City,Otago,0
603720,Balmacewen,Dunedin City,Otago,0
603810,Glenleith,Dunedin City,Otago,0
603820,Helensburgh,Dunedin City,Otago,0
603910,Wakari,Dunedin City,Otago,0
603920,Halfway Bush,Dunedin City,Otago,0
603930,Brockville,Dunedin City,Otago,0
604010,Roslyn North,Dunedin City,Otago,0
604020,Roslyn South,Dunedin City,Otago,0
604110,Mornington,Dunedin City,Otago,0
604120,Belleknowes,Dunedin City,Otago,0
604130,Kenmure,Dunedin City,Otago,0
604210,Caversham,Dunedin City,Otago,0
604221,Corstorphine West,Dunedin City,Otago,0
604222,Corstorphine East,Dunedin City,Otago,0
604300,Caledonian,Dunedin City,Otago,0
604410,South Dunedin,Dunedin City,Otago,0
604420,Forbury,Dunedin City,Otago,0
604500,St Clair,Dunedin City,Otago,0
604611,Musselburgh,Dunedin City,Otago,0
604612,Andersons Bay,Dunedin City,Otago,0
604620,Vauxhall,Dunedin City,Otago,0
604710,St Leonards-Blanket Bay,Dunedin City,Otago,0
604720,Ravensbourne,Dunedin City,Otago,0
604810,Inner Peninsula,Dunedin City,Otago,0
604821,Raynbirds Bay,Dunedin City,Otago,0
604822,Macandrew Bay,Dunedin City,Otago,0
604830,Broad Bay-Portobello,Dunedin City,Otago,0
604901,Taiaroa-Cape Saunders,Dunedin City,Otago,0
604902,Sandymount,Dunedin City,Otago,0
605100,Sawyers Bay,Dunedin City,Otago,0
605200,Port Chalmers,Dunedin City,Otago,0
605400,St Kilda West,Dunedin City,Otago,0
605500,St Kilda Central,Dunedin City,Otago,0
605600,St Kilda East,Dunedin City,Otago,0
605800,Green Island Central,Dunedin City,Otago,0
605910,Abbotsford,Dunedin City,Otago,0
605920,Concord,Dunedin City,Otago,0
606100,Mosgiel East,Dunedin City,Otago,0
606210,Mosgiel South,Dunedin City,Otago,0
606220,East Taieri,Dunedin City,Otago,0
606300,Bush Road,Dunedin City,Otago,0
606500,Benhar,Clutha District,Otago,0
606600,Stirling,Clutha District,Otago,0
606700,Bruce,Clutha District,Otago,0
606800,Milton,Clutha District,Otago,0
606900,Kaitangata,Clutha District,Otago,0
607000,Clinton,Clutha District,Otago,0
607100,Kaka Point,Clutha District,Otago,0
607200,Owaka,Clutha District,Otago,0
607300,Clutha,Clutha District,Otago,0
607400,Balclutha,Clutha District,Otago,0
607501,Teviot,Central Otago District,Otago,0
607502,Tuapeka,Clutha District,Otago,0
607600,Tapanui,Clutha District,Otago,0
607700,Lawrence,Clutha District,Otago,0
607800,Roxburgh,Central Otago District,Otago,0
607900,Ranfurly,Central Otago District,Otago,0
608000,Maniototo,Central Otago District,Otago,0
608100,Naseby,Central Otago District,Otago,0
608302,Dunstan,Central Otago District,Otago,0
608303,Clyde,Central Otago District,Otago,0
608304,Hawea,Queenstown-Lakes District,Otago,0
608305,Inland Water-Lake Hawea,Queenstown-Lakes District,Otago,0
608500,Alexandra,Central Otago District,Otago,0
608600,Cromwell,Central Otago District,Otago,0
608700,Frankton,Queenstown-Lakes District,Otago,0
608800,Wanaka,Queenstown-Lakes District,Otago,0
609011,Milford,Southland District,Southland,0
609012,Glenorchy,Queenstown-Lakes District,Otago,0
609022,Kelvin Heights,Queenstown-Lakes District,Otago,0
609023,Sunshine Bay,Queenstown-Lakes District,Otago,0
609026,Skippers,Queenstown-Lakes District,Otago,0
609027,Inland Water-Lake Wakatipu,Queenstown-Lakes District,Otago,0
609028,Lake Hayes,Queenstown-Lakes District,Otago,0
609029,Matukituki,Queenstown-Lakes District,Otago,0
609030,Inland Water-Lake Wanaka,Queenstown-Lakes District,Otago,0
609200,Arrowtown,Queenstown-Lakes District,Otago,0
609301,Queenstown Bay,Queenstown-Lakes District,Otago,0
609302,Earnslaw,Queenstown-Lakes District,Otago,0
609400,Balfour Community,Southland District,Southland,0
609500,Riversdale Community,Southland District,Southland,0
609600,Lumsden Community,Southland District,Southland,0
609700,Edendale Community,Southland District,Southland,0
609800,Wyndham,Southland District,Southland,0
609911,Makarewa North,Southland District,Southland,0
609912,Makarewa,Invercargill City,Southland,0
609913,Bay Road West,Invercargill City,Southland,0
609914,Mill Road-Woodend,Invercargill City,Southland,0
609921,Bushy Point,Invercargill City,Southland,0
609922,Otatara,Invercargill City,Southland,0
610010,Charlton,Gore District,Southland,0
610020,Waikaia,Southland District,Southland,0
610031,Kaweku,Southland District,Southland,0
610032,Chatton,Gore District,Southland,0
610033,Kaiwera,Gore District,Southland,0
610040,Hokonui,Southland District,Southland,0
610051,Waianiwa,Southland District,Southland,0
610052,Oreti Beach,Invercargill City,Southland,0
610061,Dacre,Southland District,Southland,0
610062,Myross Bush,Invercargill City,Southland,0
610072,Waituna,Southland District,Southland,0
610073,Woodlands,Southland District,Southland,0
610074,Greenhills,Invercargill City,Southland,0
610075,Tiwai Point,Invercargill City,Southland,0
610080,Toetoes,Southland District,Southland,0
610090,Wallacetown,Southland District,Southland,0
610210,North Gore,Gore District,Southland,0
610220,East Gore,Gore District,Southland,0
610230,Central Gore,Gore District,Southland,0
610240,West Gore,Gore District,Southland,0
610250,South Gore,Gore District,Southland,0
610400,Mataura,Gore District,Southland,0
610500,Winton,Southland District,Southland,0
610601,Grasmere,Invercargill City,Southland,0
610602,Waikiwi,Invercargill City,Southland,0
610700,Rosedale,Invercargill City,Southland,0
610800,Gladstone-Avenal,Invercargill City,Southland,0
610900,Windsor,Invercargill City,Southland,0
611001,Waverley-Glengarry,Invercargill City,Southland,0
611002,Hawthorndale,Invercargill City,Southland,0
611100,Richmond,Invercargill City,Southland,0
611210,Otakaro Park,Invercargill City,Southland,0
611220,Crinan,Invercargill City,Southland,0
611300,West Invercargill,Invercargill City,Southland,0
611400,Georgetown,Invercargill City,Southland,0
611500,Newfield-Rockdale,Invercargill City,Southland,0
611601,Heidelberg,Invercargill City,Southland,0
611602,Strathern,Invercargill City,Southland,0
611700,Appleby-Kew,Invercargill City,Southland,0
611800,Kingswell-Clifton,Invercargill City,Southland,0
611900,Tisbury,Invercargill City,Southland,0
612100,Bluff,Invercargill City,Southland,0
612200,Nightcaps,Southland District,Southland,0
612300,Ohai,Southland District,Southland,0
612400,Te Anau,Southland District,Southland,0
612500,Tuatapere,Southland District,Southland,0
612600,Otautau,Southland District,Southland,0
612712,Manapouri,Southland District,Southland,0
612713,Mossburn,Southland District,Southland,0
612714,Mararoa River,Southland District,Southland,0
612715,Inland Water-Lake Te Anau,Southland District,Southland,0
612720,Wairio,Southland District,Southland,0
612730,Te Waewae,Southland District,Southland,0
612740,Fairfax,Southland District,Southland,0
612801,Riverton East,Southland District,Southland,0
612802,Riverton West,Southland District,Southland,0
612901,Fiordland,Southland District,Southland,0
612902,Inland Water-Lake Manapouri,Southland District,Southland,0
612903,Inland Water-Lake Hauroko,Southland District,Southland,0
613000,Stewart Island,Southland District,Southland,0
614502,Inlet-Hokianga Harbour,Far North District,Northland,1
614503,Three Kings Islands,NA,NA,1
614504,Oceanic-Northland Region,NA,NA,1
614601,Inlet-Rangaunu Harbour,Far North District,Northland,1
614602,Inlet-Doubtless Bay,NA,NA,1
614700,Inlet-Whangaroa Harbour,Far North District,Northland,1
614800,Inlet-Bay Of Islands,Far North District,Northland,1
615101,Inlet-Tutukaka Harbour,Whangarei District,Northland,1
615102,Inlet-Whangarei Harbour,Whangarei District,Northland,1
615301,Inlet-Port Whangarei,Whangarei District,Northland,1
615302,Inlet-Mangawhai Harbour,Kaipara District,Northland,1
615800,Mokohinau Island,Auckland City,Auckland,1
615900,Little Barrier Island,Auckland City,Auckland,1
616001,Kaikoura And Rangiahua Islands,Auckland City,Auckland,1
616002,Inlet-Port Fitzroy,NA,NA,1
616100,Cape Barrier,NA,NA,1
616200,Rakitu Island,Auckland City,Auckland,1
616300,Browns Island,Auckland City,Auckland,1
616400,Aiguilles Island,Auckland City,Auckland,1
617000,Inlet-Kaipara Harbour North,NA,NA,1
617101,Inlet-Kaipara Harbour South,NA,NA,1
617102,Inlet-Kaipara River,Rodney District,Auckland,1
617200,Inlet-Takapuna Head,NA,NA,1
617400,Inlet-Hobson Bay,Auckland City,Auckland,1
617500,Oceanic-Auckland Region East,NA,NA,1
617602,Oceanic-Auckland Region West,NA,NA,1
617603,Manukau Harbour,NA,NA,1
617604,Inlet-Manukau Harbour,Manukau City,Auckland,1
617701,Tamaki Strait,NA,NA,1
617702,Inlets-Tamaki,Manukau City,Auckland,1
617800,Inlet-Waiuku River,NA,NA,1
617900,Inlet-Waitemata Harbour,NA,NA,1
618300,Te Motu Island,Otorohanga District,Waikato,1
618400,Motiti Island,NA,NA,1
618500,Mayor Island,NA,NA,1
619000,Inlet-Raglan Harbour,Waikato District,Waikato,1
619101,Inlet-Aotea Harbour North,Waikato District,Waikato,1
619102,Inlets-Otorohanga District,Otorohanga District,Waikato,1
619201,Inlet-Waitomo District,Waitomo District,Waikato,1
619202,Oceanic-Waikato Region West,NA,NA,1
619301,Inlets-Thames-Coromandel District,Thames-Coromandel District,Waikato,1
619302,Islands-Thames-Coromandel District,Thames-Coromandel District,Waikato,1
619303,Bays-Thames-Coromandel District,NA,NA,1
619400,Oceanic-Waikato Region East,NA,NA,1
619500,Inlet-Firth Of Thames,NA,NA,1
619701,Moutohora Island,NA,NA,1
619702,Oceanic-Bay Of Plenty Region,NA,NA,1
619900,White Island,NA,NA,1
620000,Inland Water-Lake Taupo,Taupo District,Waikato,1
620400,Oceanic-Gisborne Region,NA,NA,1
620901,Inlet-Port Napier,NA,NA,1
620903,Oceanic-Hawke'S Bay Region,NA,NA,1
620904,Bare Island,NA,NA,1
621401,Port-Taranaki,NA,NA,1
621402,Oceanic-Taranaki Region,NA,NA,1
622000,Oceanic-Tararua Constituency,NA,NA,1
622100,Inlet-Wellington Harbour,NA,NA,1
622201,Inlet-Porirua Harbour,Porirua City,Wellington,1
622202,Oceanic-Wellington Region,NA,NA,1
622700,Oceanic-Manawatu-Wanganui Region,NA,NA,1
623801,Inlet-Tasman Bay,Nelson City,Nelson,1
623803,Oceanic-Tasman Region,Tasman District,Tasman,1
623804,Oceanic-Nelson Region,NA,NA,1
623805,Oceanic-Marlborough Region,NA,NA,1
623806,Oceanic-Canterbury Region North,NA,NA,1
623900,Inlet-Ligar Bay,Tasman District,Tasman,1
624100,Inlet-Buller River,Buller District,West Coast,1
624600,Oceanic-West Coast Region,NA,NA,1
625101,Inlet-Port Lyttelton,Banks Peninsula District,NA,1
625102,Inlets-Banks Peninsula Bays,Banks Peninsula District,NA,1
625103,Oceanic-Canterbury Region South,NA,NA,1
625300,Inlet-Port Timaru,Timaru District,Canterbury,1
625800,Inlet-Otago Harbour,Dunedin City,Otago,1
625901,Inlet-Dunedin City Bays,Dunedin City,Otago,1
625902,Oceanic-Otago Region,NA,NA,1
626000,Inlet-Port Oamaru,Waitaki District,Canterbury,1
626100,Inlet-Milford Sound,Southland District,Southland,1
626500,Dog Island,Invercargill City,Southland,1
626700,Centre Island,Southland District,Southland,1
626801,Inlet-Bluff Harbour,Invercargill City,Southland,1
626802,Inlet-New River Estuary,Invercargill City,Southland,1
627000,Inlet-Jacobs River Estuary,Southland District,Southland,1
627201,Oceanic-Southland Region,NA,NA,1
